,Location,Location Latitude,Location Longitude,Venue,Venue Latitude,Venue Longitude,Venue Category
0,Kazhipattur,12.823580999999999,80.231043,Kazhipattur bus stop,12.820894213927952,80.23030965244702,Bus Station
1,Kazhipattur,12.823580999999999,80.231043,Inzy gardens,12.82789,80.230997,Asian Restaurant
2,Vandalur,12.8916061,80.084974,Vandalur Railway Station,12.890972624527054,80.08466151355866,Platform
3,Vandalur,12.8916061,80.084974,Brown House Restaurant,12.890035,80.08471,Restaurant
4,Vandalur,12.8916061,80.084974,Axis Bank ATM,12.8935639,80.0810529,ATM
5,Mudichur,12.905404699999998,80.06757890000002,MedPlus,12.905841,80.066522,Pharmacy
6,Mudichur,12.905404699999998,80.06757890000002,Apollo Pharmacy,12.9034005,80.0657756,Pharmacy
7,Madambakkam,12.9057186,80.15438590000001,Madambakkam Tank ground ( TG ),12.909577313105054,80.15240091740691,Playground
8,Peerkankaranai,12.9080858,80.1009824,Vardhaman Motors,12.909158,80.09971,Motorcycle Shop
9,Peerkankaranai,12.9080858,80.1009824,Erikarai,12.908928871154785,80.098876953125,Bus Station
10,Peerkankaranai,12.9080858,80.1009824,Lake view,12.904717498687457,80.10168045450676,Bowling Alley
11,Peerkankaranai,12.9080858,80.1009824,sathyam cinemas,12.910231476222306,80.09799875710232,Multiplex
12,Peerkankaranai,12.9080858,80.1009824,HDFC Bank ATM,12.9047725,80.0985901,ATM
13,Karapakkam,12.9117073,80.2277203,komala's restaurant,12.913364326415921,80.22968335386867,Indian Restaurant
14,Karapakkam,12.9117073,80.2277203,Gourmad's Delight,12.913299175149277,80.2291932039239,Indian Restaurant
15,Karapakkam,12.9117073,80.2277203,Cake World,12.910872017264786,80.22856145096657,Bakery
16,Karapakkam,12.9117073,80.2277203,Famous Theory,12.910573,80.228243,Multicuisine Indian Restaurant
17,Karapakkam,12.9117073,80.2277203,Rasavid,12.91474773301771,80.22932935697894,Indian Restaurant
18,Perungalathur,12.9145454,80.08795490000001,Axis Bank ATM,12.91659,80.0866,ATM
19,Perungalathur,12.9145454,80.08795490000001,Amul Icecream Parlour,12.910944980084572,80.08947843308556,Ice Cream Shop
20,Perungalathur,12.9145454,80.08795490000001,VSR Sports Academy,12.918706,80.08666,Sports Club
21,Sholinganallur,12.9174426,80.21649018230858,Domino's Pizza,12.917,80.214,Pizza Place
22,Selaiyur,12.9187445,80.1311172,McRennett-Elliot Foods,12.922802641404086,80.13129738550778,Bakery
23,Selaiyur,12.9187445,80.1311172,PASSANG KITCHEN,12.915034294128418,80.1290054321289,Asian Restaurant
24,Selaiyur,12.9187445,80.1311172,Vasan Eye Care,12.922428560478789,80.12875654301327,Optical Shop
25,Selaiyur,12.9187445,80.1311172,Tambaram station Platform 2,12.922428560478789,80.12875654301327,Platform
26,Selaiyur,12.9187445,80.1311172,Captain's Corner,12.92246909574217,80.12875654301327,Tea Room
27,Injambakkam,12.9189367,80.251295,Cheesy Juicy Burger,12.917611572289575,80.25050122275803,Burger Joint
28,Injambakkam,12.9189367,80.251295,VGP Golden Beach Resort,12.914865797553908,80.25126348570083,Beach
29,Injambakkam,12.9189367,80.251295,Shiraz Iranian Cafe,12.922505,80.252187,Caf√©
30,Injambakkam,12.9189367,80.251295,Annachi Dosai Kadai,12.914791194407401,80.25064823114438,Indian Restaurant
31,Medavakkam,12.922992800000001,80.1882897,Grand Sweets & Snacks,12.920602,80.1859,Indian Restaurant
32,Medavakkam,12.922992800000001,80.1882897,Taj Thalapakattu,12.920462505418993,80.18535694378369,Indian Restaurant
33,Medavakkam,12.922992800000001,80.1882897,Sowmya Bhavan,12.919176115453368,80.18710603207411,Vegetarian / Vegan Restaurant
34,Medavakkam,12.922992800000001,80.1882897,Dindigul Thalappakkatti,12.920348709703239,80.1862076245334,Indian Restaurant
35,Medavakkam,12.922992800000001,80.1882897,Namma Veedu Vasanth Bhavan,12.920243,80.18481,Indian Restaurant
36,Tambaram,12.9299028,80.1118231,Vidhya Theatre,12.926128690041521,80.11184657583509,Indie Movie Theater
37,Tambaram,12.9299028,80.1118231,Hot Chips,12.928186102128539,80.11435519777991,Fast Food Restaurant
38,Tambaram,12.9299028,80.1118231,Axis Bank ATM,12.92843,80.109,ATM
39,Tambaram,12.9299028,80.1118231,Hot Breads,12.925653712107016,80.11201563743985,Bakery
40,Pallikaranai,12.9304748,80.2077692,Axis Bank ATM,12.92738,80.2052,ATM
41,Pallikaranai,12.9304748,80.2077692,Axis Bank ATM,12.92738,80.2052,ATM
42,Chitlapakkam,12.9330984,80.1413832,chitlapakam lake,12.933315880239075,80.13799263592671,Lake
43,Chitlapakkam,12.9330984,80.1413832,Tasty buds,12.93622381165145,80.14303553733903,Indian Restaurant
44,Chitlapakkam,12.9330984,80.1413832,sri krishna cool barüçπ,12.935906,80.144965,Food & Drink Shop
45,Thuraipakkam,12.9385525,80.2372132,OMR Food Street,12.936899140149015,80.23461192663534,Food Court
46,Thuraipakkam,12.9385525,80.2372132,naidu andra mess,12.940598491681882,80.23600058889167,Restaurant
47,Thuraipakkam,12.9385525,80.2372132,Tist And Taste,12.941356282250286,80.23590801211404,Fast Food Restaurant
48,Thuraipakkam,12.9385525,80.2372132,Fortune Select Palms,12.942425510387592,80.23731098369859,Hotel
49,Chrompet,12.9394208,80.13661312256016,Varadharaja Theatre,12.937733304882304,80.13908846990414,Movie Theater
50,Chrompet,12.9394208,80.13661312256016,vettri mobiles,12.937706290070421,80.13876680870759,Mobile Phone Shop
51,Kovilambakkam,12.9395276,80.1826297,sri menakshi chittinadu hotel,12.937094688415527,80.18289947509766,Indian Restaurant
52,Kovilambakkam,12.9395276,80.1826297,Mothers World,12.939405,80.185619,Market
53,Neelankarai,12.9454955,80.2574692,Tryst Cafe,12.945763535222783,80.25415590642885,Caf√©
54,Neelankarai,12.9454955,80.2574692,Cafe Coffee Day,12.945146561406984,80.25360083577368,Coffee Shop
55,Neelankarai,12.9454955,80.2574692,Nilgiris,12.946072598336588,80.25399435312123,Department Store
56,Neelankarai,12.9454955,80.2574692,Neelankarai Beach,12.94908446318272,80.25753556066974,Beach
57,Neelankarai,12.9454955,80.2574692,Namma Veedu Vasantha Bhavan,12.947446136610807,80.25438869215078,Indian Restaurant
58,Neelankarai,12.9454955,80.2574692,Papa John's,12.949210772497967,80.25512369784636,Pizza Place
59,Nemilichery,12.9460425,80.16371540000002,Sahanaa Stores,12.945574124059902,80.15931799416857,Department Store
60,Keelkattalai,12.9548473,80.1852685,Domino's Pizza,12.957647348003325,80.18698148754507,Pizza Place
61,Keelkattalai,12.9548473,80.1852685,KFC,12.95345887594322,80.18661155043368,Fast Food Restaurant
62,Keelkattalai,12.9548473,80.1852685,Keelkattalai Bus Terminus,12.955405167865065,80.18701340212873,Bus Station
63,Keelkattalai,12.9548473,80.1852685,Alreef Restaurant,12.95371303514147,80.18640313174089,Fried Chicken Joint
64,Keelkattalai,12.9548473,80.1852685,Reliance Digital,12.956149301357264,80.18689897676333,Electronics Store
65,Palavakkam,12.95999,80.25602679999999,Double Roti,12.956352281962301,80.25536339930702,Burger Joint
66,Palavakkam,12.95999,80.25602679999999,Little Italy,12.958995761305973,80.2556136981041,Italian Restaurant
67,Palavakkam,12.95999,80.25602679999999,Cafe Coffee Day - The Lounge,12.959024149674855,80.25558647588916,Caf√©
68,Palavakkam,12.95999,80.25602679999999,Jonah's Goes Fishing,12.959899,80.255949,Seafood Restaurant
69,Palavakkam,12.95999,80.25602679999999,Eataholics,12.957494258880239,80.2572941780067,Indian Restaurant
70,Palavakkam,12.95999,80.25602679999999,Hot Chips,12.956676457843663,80.25526588194667,Indian Restaurant
71,Palavakkam,12.95999,80.25602679999999,Cascade,12.956734699088207,80.25540136500672,Food
72,Palavakkam,12.95999,80.25602679999999,french loaf neelangarai,12.956314725345212,80.25537414277629,Bakery
73,Palavakkam,12.95999,80.25602679999999,Max,12.95629233196431,80.25525436485862,Clothing Store
74,Palavakkam,12.95999,80.25602679999999,Cream Stone,12.9561,80.255025,Ice Cream Shop
75,Palavakkam,12.95999,80.25602679999999,ID,12.95601,80.255418,South Indian Restaurant
76,Palavakkam,12.95999,80.25602679999999,Papa Jones,12.955944,80.255245,Pizza Place
77,Madipakkam,12.961134800000002,80.2001292,Reliance Fresh,12.962780943531701,80.19835165007426,Grocery Store
78,Madipakkam,12.961134800000002,80.2001292,HDFC Bank ATM,12.9573582,80.198151,ATM
79,Madipakkam,12.961134800000002,80.2001292,Hotel Lux International Head Quarters,12.9654488,80.2007975,BBQ Joint
80,Kottivakkam,12.970505300000001,80.26150329999999,Bella Ciao Italian Restorante,12.972192515299032,80.26467782415418,Italian Restaurant
81,Kottivakkam,12.970505300000001,80.26150329999999,Health and glow,12.966513737192317,80.26059520664252,Cosmetics Shop
82,Kottivakkam,12.970505300000001,80.26150329999999,Palavakkam cricket ground,12.966530820498805,80.26051898904507,Arcade
83,Kottivakkam,12.970505300000001,80.26150329999999,ECR Buttermilk Thatha,12.971665,80.2656,Juice Bar
84,Perungudi,12.9710239,80.2418051,Domino's Pizza,12.971647031000893,80.2441741760286,Pizza Place
85,Perungudi,12.9710239,80.2418051,Gourmet Food Court,12.970537481997914,80.24426674379544,Food Court
86,Perungudi,12.9710239,80.2418051,Nalas,12.971999179155505,80.24489837998077,Indian Restaurant
87,Perungudi,12.9710239,80.2418051,Freshworks Lunch Hall,12.96954593483311,80.24382568470686,Cafeteria
88,Perungudi,12.9710239,80.2418051,KFC,12.972738338156278,80.24465944777825,Fast Food Restaurant
89,Perungudi,12.9710239,80.2418051,amazon cafeteria,12.970294500701709,80.24442465328241,Cafeteria
90,Perungudi,12.9710239,80.2418051,Amazon Food Court,12.970188310645792,80.2444845499075,Food Court
91,Perungudi,12.9710239,80.2418051,Pait Pooja Punjabi Rasoi,12.971997131374414,80.24461523330649,Indian Restaurant
92,Perungudi,12.9710239,80.2418051,The Bay,12.97377026770808,80.2429435596551,Indian Restaurant
93,Perungudi,12.9710239,80.2418051,Cup O' Cafe,12.973115543789891,80.24399448536947,Caf√©
94,Perungudi,12.9710239,80.2418051,Superstar Pizza,12.973533851384497,80.24424496315349,Pizza Place
95,Perungudi,12.9710239,80.2418051,Omr Food Stret,12.973009,80.24519,Food Service
96,Pammal,12.973793800000001,80.1408,Domino's Pizza,12.973,80.141,Pizza Place
97,Pammal,12.973793800000001,80.1408,Rich N Creamy,12.974058266697492,80.14146545496173,Ice Cream Shop
98,Pammal,12.973793800000001,80.1408,Hdfc Pallavaram,12.97177,80.141695,Bank
99,Pammal,12.973793800000001,80.1408,Nilgiris,12.975398525745057,80.14269753592242,Department Store
100,Puzhuthivakkam/ Ullagaram,12.9739799,80.2029314,Lining Classic Sports Academy,12.975662280550978,80.20162589482703,Badminton Court
101,MGR Nagar,12.979582699999998,80.2494441,Holiday Inn Chennai OMR IT Expressway,12.980204386085656,80.2528693490099,Hotel
102,MGR Nagar,12.979582699999998,80.2494441,Chicago Cool Bar,12.980314663922053,80.25209652236954,Juice Bar
103,MGR Nagar,12.979582699999998,80.2494441,OMR,12.978375839574962,80.25204752043902,Hostel
104,MGR Nagar,12.979582699999998,80.2494441,SRP Tools,12.980250805744744,80.25228164051826,Bus Station
105,MGR Nagar,12.979582699999998,80.2494441,Chicago Tea Kadai,12.983136431547894,80.25176984228156,Caf√©
106,Nanganallur,12.9801242,80.18490200000001,Spencer's Daily,12.9790075434473,80.18244716612213,Grocery Store
107,Nanganallur,12.9801242,80.18490200000001,Pazhamudhircholai,12.983412014706683,80.18655025089419,Grocery Store
108,Nanganallur,12.9801242,80.18490200000001,Ibaco,12.981680768571982,80.18831566095737,Dessert Shop
109,Nanganallur,12.9801242,80.18490200000001,Hot Breads,12.982104825138205,80.18891502026901,Bakery
110,Velachery,12.98016545,80.22285056225584,Andhi Kadai,12.982532470934007,80.22466204618253,Indian Restaurant
111,Velachery,12.98016545,80.22285056225584,Star Briyani,12.978002681177063,80.22405735195898,Indian Restaurant
112,Velachery,12.98016545,80.22285056225584,Parfait 3,12.979272013519594,80.22664105039881,Italian Restaurant
113,Velachery,12.98016545,80.22285056225584,Dindigul Thalappakatti,12.977430806587972,80.21957170091156,Indian Restaurant
114,Velachery,12.98016545,80.22285056225584,Pind,12.975746325319161,80.22205748312943,Indian Restaurant
115,Velachery,12.98016545,80.22285056225584,Chocolate Room,12.977566038566914,80.21926511461061,Coffee Shop
116,Velachery,12.98016545,80.22285056225584,Kebab Court,12.978651113001522,80.219188081838,Indian Restaurant
117,Velachery,12.98016545,80.22285056225584,Baskin-Robbins,12.978027898094403,80.22523377810253,Ice Cream Shop
118,Velachery,12.98016545,80.22285056225584,Ibaco,12.97784500945802,80.22421529900727,Ice Cream Shop
119,Velachery,12.98016545,80.22285056225584,Murugan Idly Kadai,12.978700357513091,80.21930671795191,Restaurant
120,Velachery,12.98016545,80.22285056225584,ganga sweets,12.976020232530235,80.22152471263996,Fast Food Restaurant
121,Velachery,12.98016545,80.22285056225584,Amaravathi,12.978691025189399,80.21907513300248,Indian Restaurant
122,Velachery,12.98016545,80.22285056225584,Wang's Kitchen,12.977694293449877,80.22387217228747,Chinese Restaurant
123,Velachery,12.98016545,80.22285056225584,latta super market,12.982455463979612,80.22272296001773,Convenience Store
124,Velachery,12.98016545,80.22285056225584,White Pepper,12.979373753666067,80.21849310094836,Chinese Restaurant
125,Velachery,12.98016545,80.22285056225584,Buhari Restaurant,12.97929845997742,80.22657891619338,Restaurant
126,Velachery,12.98016545,80.22285056225584,Cee Dee Yes Super Market,12.977626183838565,80.2240464590483,Department Store
127,Velachery,12.98016545,80.22285056225584,Dhandeeshwaram,12.982931058388328,80.22224366310884,Bus Stop
128,Velachery,12.98016545,80.22285056225584,KFC Velachery,12.976707959332748,80.22130987354748,Fast Food Restaurant
129,Velachery,12.98016545,80.22285056225584,Nilgiris Supermarket,12.983881259084676,80.22263036874044,Department Store
130,Velachery,12.98016545,80.22285056225584,Fitness One Velachery,12.978346331849702,80.22631333567766,Gym
131,Velachery,12.98016545,80.22285056225584,Karaikuddi,12.976968733931978,80.22519565343634,Indian Restaurant
132,Velachery,12.98016545,80.22285056225584,Hotel Pranav Mirchi,12.97755342082429,80.21962926879945,Restaurant
133,Velachery,12.98016545,80.22285056225584,Pazhamudhir Cholai,12.984231552943674,80.22183516929364,Market
134,Velachery,12.98016545,80.22285056225584,Pind Pure Punjabi,12.975786859869732,80.22208104387678,Indian Restaurant
135,Velachery,12.98016545,80.22285056225584,HDFC Bank,12.980524810706005,80.21835917892805,Bank
136,Tirusulam,12.980460899999999,80.16579329999999,Krispy Kreme,12.983939026159677,80.16646432623187,Donut Shop
137,Tirusulam,12.980460899999999,80.16579329999999,PVR Cinemas Grand Galada Center Mall,12.978902059162685,80.16155687442281,Multiplex
138,Tirusulam,12.980460899999999,80.16579329999999,Zara Airport,12.981502901543461,80.1619703223872,Pub
139,Tirusulam,12.980460899999999,80.16579329999999,Pizza Hut,12.984308454039759,80.16688307721546,Pizza Place
140,Tirusulam,12.980460899999999,80.16579329999999,Higginbothams,12.984048241611797,80.16670867361185,Bookstore
141,Tirusulam,12.980460899999999,80.16579329999999,Premium Traveller's Lounge,12.984381732806888,80.16729886659475,Airport Lounge
142,Tirusulam,12.980460899999999,80.16579329999999,Cafe Coffee Day,12.983597366183087,80.16682857612753,Caf√©
143,Tirusulam,12.980460899999999,80.16579329999999,Chennai Food Express,12.983857194163475,80.16599030302574,Multicuisine Indian Restaurant
144,Tirusulam,12.980460899999999,80.16579329999999,Tiruslam Railway Station,12.980918831680507,80.16633261463153,Train Station
145,Tirusulam,12.980460899999999,80.16579329999999,Airport Metro Station,12.980707568687894,80.16415689017441,Metro Station
146,Tirusulam,12.980460899999999,80.16579329999999,Tirusulam Railway Station,12.980117,80.165598,Train Station
147,Tirusulam,12.980460899999999,80.16579329999999,Runway-Chennai Airport,12.984349861073913,80.16549328862583,Road
148,Tirusulam,12.980460899999999,80.16579329999999,Golden Chariot,12.982242373764505,80.16383641311734,Indian Restaurant
149,Tirusulam,12.980460899999999,80.16579329999999,Sangeetha snack centre,12.982397,80.164054,Indian Restaurant
150,Tirusulam,12.980460899999999,80.16579329999999,Krishna Sweets,12.98245799180747,80.16402717344522,Dessert Shop
151,Tirusulam,12.980460899999999,80.16579329999999,KFC,12.984450536839311,80.16743554413638,Fast Food Restaurant
152,Tirusulam,12.980460899999999,80.16579329999999,Food Court Chennai International Airport,12.980245299028937,80.16245747581297,Food Court
153,Tirusulam,12.980460899999999,80.16579329999999,Maggi Outlet @ Chennai Airport,12.983799742882761,80.16526438010412,Airport Food Court
154,Tirusulam,12.980460899999999,80.16579329999999,Air India Maharaja Lounge,12.983999462555039,80.1662018111204,Airport Lounge
155,Tirusulam,12.980460899999999,80.16579329999999,Flights of Fancy Bar & Lounge,12.983990622121837,80.16643071713361,Airport Lounge
156,Tirusulam,12.980460899999999,80.16579329999999,VOMM Runway,12.984787609006656,80.16606010709096,Airport
157,Adambakkam,12.9822215,80.209121,M9M Bus Stand - A.G.'s Colony,12.980685448945257,80.20898567638694,Bus Station
158,Adambakkam,12.9822215,80.209121,arun icecream,12.983446890644204,80.20784715811011,Dessert Shop
159,Adambakkam,12.9822215,80.209121,Sutherland,12.981002299416543,80.20519963573082,IT Services
160,Adambakkam,12.9822215,80.209121,Bistro,12.983193473953335,80.20501986271016,Indian Restaurant
161,Thiruvanmiyur,12.9858948,80.2644215,Kalakshetra,12.988483819818658,80.26251695626792,Performing Arts Venue
162,Meenambakkam,12.986600900000001,80.1726357,Hotel Virudhunagar - Quality Inn Airport ‚Äì Chennai,12.985761344576702,80.17425030469894,Restaurant
163,Meenambakkam,12.986600900000001,80.1726357,Quality Inn Airport ‚Äì Chennai,12.985745662891997,80.17416715621948,Hotel
164,Meenambakkam,12.986600900000001,80.1726357,Pazhavanthangal Railway Station,12.983917099353798,80.17355374807326,Train Station
165,Meenambakkam,12.986600900000001,80.1726357,minambakam Rly Stn,12.984980839548113,80.17580988659938,Platform
166,Meenambakkam,12.986600900000001,80.1726357,Meenambakam Railway station.,12.985057865734628,80.17595702399971,Train Station
167,Meenambakkam,12.986600900000001,80.1726357,Meenambakkam Metro,12.987674,80.176854,Metro Station
168,Pazhavanthangal,12.9883524,80.1891324,Pazavanthangal Railway Station,12.990334898203882,80.18661563710316,Train Station
169,Pazhavanthangal,12.9883524,80.1891324,Niviram Pizza,12.986146926879883,80.18829345703125,Pizza Place
170,Pazhavanthangal,12.9883524,80.1891324,Gupta Sweets,12.986454281241969,80.1877053998795,Snack Place
171,Pazhavanthangal,12.9883524,80.1891324,Reliance Fresh,12.985421574519945,80.18785178661346,Grocery Store
172,Pazhavanthangal,12.9883524,80.1891324,Axis Bank ATM,12.9892,80.1855,ATM
173,IIT Madras,12.9914769,80.23367859999999,Open Air Theatre (OAT),12.989086514697714,80.23356866454071,Theater
174,IIT Madras,12.9914769,80.23367859999999,Tifany's,12.990524007042756,80.23444855311303,Indian Restaurant
175,IIT Madras,12.9914769,80.23367859999999,Gajendra Circle Bus Stop,12.9918028931532,80.23371336837542,Bus Station
176,IIT Madras,12.9914769,80.23367859999999,IIT Campus Cafe,12.991223872328995,80.23206870985885,Fast Food Restaurant
177,Kundrathur,12.9957704,80.09731140000001,Axis Bank ATM,12.9956,80.0987,ATM
178,Kundrathur,12.9957704,80.09731140000001,Kundrathur Bus Stand,12.997388426474672,80.09635694202953,Bus Station
179,Kundrathur,12.9957704,80.09731140000001,Taj Resort,12.99768061512231,80.09934600389744,Tea Room
180,Besant Nagar,12.999690699999999,80.2682259,Fruit Shop On Greams Road,13.00128040764487,80.26743871887017,Juice Bar
181,Besant Nagar,12.999690699999999,80.2682259,Jonah's Bistro,12.997919590733217,80.26755414856291,Bistro
182,Besant Nagar,12.999690699999999,80.2682259,Besant Nagar Beach (Edward Elliot's Beach),13.000506258411747,80.27084040530782,Beach
183,Besant Nagar,12.999690699999999,80.2682259,Haven Sampoorna,12.998368464218872,80.26736911202805,Indian Restaurant
184,Besant Nagar,12.999690699999999,80.2682259,Little Italy,12.996417106009028,80.26850213041183,Italian Restaurant
185,Besant Nagar,12.999690699999999,80.2682259,Eden,12.997763230167621,80.26749160726439,Indian Restaurant
186,Besant Nagar,12.999690699999999,80.2682259,Pupil,13.000967466905987,80.27096550855552,Burger Joint
187,Besant Nagar,12.999690699999999,80.2682259,The Cascade,12.996386737216039,80.26780814589867,Chinese Restaurant
188,Besant Nagar,12.999690699999999,80.2682259,Bombaysthan,12.995853475738542,80.26758359360474,Ice Cream Shop
189,Besant Nagar,12.999690699999999,80.2682259,Downtown,12.99573874764099,80.26760148867338,Coffee Shop
190,Besant Nagar,12.999690699999999,80.2682259,Jonahs Bistro & Patissiere,12.99787764089176,80.26760148867338,Bistro
191,Besant Nagar,12.999690699999999,80.2682259,Vishranthi,12.9982933024126,80.26748444982962,Indian Restaurant
192,Besant Nagar,12.999690699999999,80.2682259,Ibaco,13.000902756656807,80.27084798123825,Ice Cream Shop
193,Besant Nagar,12.999690699999999,80.2682259,Cool kats,12.997309486853217,80.26773758010076,Ice Cream Shop
194,Besant Nagar,12.999690699999999,80.2682259,Cream & Fudge,12.995649706193568,80.26890251377108,Dessert Shop
195,Besant Nagar,12.999690699999999,80.2682259,Swensen's,13.000951286724522,80.2705385024641,Ice Cream Shop
196,Besant Nagar,12.999690699999999,80.2682259,Cozee,13.000963134437036,80.27104028864774,Snack Place
197,Besant Nagar,12.999690699999999,80.2682259,The Brew Room - Besant Nagar,12.995722501336246,80.26754559574239,Coffee Shop
198,Besant Nagar,12.999690699999999,80.2682259,Cafe Coffee Day,13.000980801433473,80.26935821774359,Coffee Shop
199,Besant Nagar,12.999690699999999,80.2682259,Barista Lavazza,12.999148641212127,80.2707270393678,Caf√©
200,Besant Nagar,12.999690699999999,80.2682259,Mash,13.001190159214365,80.2712772643407,New American Restaurant
201,Besant Nagar,12.999690699999999,80.2682259,Nandanam Restaurant,12.996214807029183,80.26774701572806,Indian Restaurant
202,Besant Nagar,12.999690699999999,80.2682259,Donut House,12.995811032886772,80.27052176809553,Donut Shop
203,Besant Nagar,12.999690699999999,80.2682259,Tasty Jones,13.000830480382575,80.27071755968404,Sandwich Place
204,Besant Nagar,12.999690699999999,80.2682259,Burgerman,13.000969,80.269258,Burger Joint
205,Besant Nagar,12.999690699999999,80.2682259,O2 Health Studio,12.999323385385287,80.2656298881749,Gym / Fitness Center
206,Besant Nagar,12.999690699999999,80.2682259,Senza,13.001601595227537,80.27145551329185,Spa
207,Besant Nagar,12.999690699999999,80.2682259,Pets 101,13.001416274185969,80.2713901923021,Pet Store
208,Besant Nagar,12.999690699999999,80.2682259,Subway,13.002561910297803,80.27167441599128,Sandwich Place
209,Besant Nagar,12.999690699999999,80.2682259,Ashvita Nirvana,13.003009244935281,80.270889396373,Caf√©
210,Besant Nagar,12.999690699999999,80.2682259,Fab India,12.995539665875855,80.26928900691586,Furniture / Home Store
211,Besant Nagar,12.999690699999999,80.2682259,Id,13.002855,80.271416,South Indian Restaurant
212,Alandur,13.00282155,80.17191860222883,Spice Jet Hangar,12.999204,80.174433,Airport Service
213,St.Thomas Mount,13.0051152,80.19349521206897,St. Thomas Mount,13.004752467324755,80.19348635870833,Church
214,St.Thomas Mount,13.0051152,80.19349521206897,Alandur Bus Depot,13.002293662638438,80.19339918410391,Bus Station
215,St.Thomas Mount,13.0051152,80.19349521206897,Hot breads Buttroad,13.007578026301553,80.19716940435117,Bakery
216,Adyar,13.00645,80.2577791,Bombay Brassiere,13.006961450666138,80.25641939452001,North Indian Restaurant
217,Adyar,13.00645,80.2577791,Cool Biz,13.00663205737563,80.25727451565342,Juice Bar
218,Adyar,13.00645,80.2577791,Adyar Ananda Bhavan,13.00582370030815,80.2573684880796,Indian Restaurant
219,Adyar,13.00645,80.2577791,Prems Graama Bhojanam,13.006344895307679,80.2539954160924,Vegetarian / Vegan Restaurant
220,Adyar,13.00645,80.2577791,McDonald's,13.006631783534758,80.2542552185744,Fast Food Restaurant
221,Adyar,13.00645,80.2577791,Gangotree,13.007435220291622,80.2583609137314,Snack Place
222,Adyar,13.00645,80.2577791,M'bessy,13.007360585636146,80.2595604128505,Lounge
223,Adyar,13.00645,80.2577791,Aavin Milk Booth,13.007646138297893,80.25915250477503,Grocery Store
224,Adyar,13.00645,80.2577791,Hotel Coronet,13.006548088295787,80.2573068994183,Indian Restaurant
225,Adyar,13.00645,80.2577791,Odyssey Book Shop,13.006681717012796,80.2534692270606,Bookstore
226,Adyar,13.00645,80.2577791,Daawat The Kebab Shop,13.00668911589816,80.25372793770875,North Indian Restaurant
227,Adyar,13.00645,80.2577791,Gandhinagar Club,13.009706054101562,80.25492400244195,Rock Club
228,Adyar,13.00645,80.2577791,Rainforest Restaurant,13.006992527660863,80.25776728989136,Indian Restaurant
229,Adyar,13.00645,80.2577791,Cupcake Amore,13.003699828918753,80.254556288175,Caf√©
230,Adyar,13.00645,80.2577791,S2 Thiyagaraja Cinemas,13.005805087736059,80.25535236498565,Movie Theater
231,Adyar,13.00645,80.2577791,The Grand Sweets & Snacks,13.00761716202737,80.25371255901196,Dessert Shop
232,Adyar,13.00645,80.2577791,Sigree,13.00653007945677,80.25443033524475,Indian Restaurant
233,Adyar,13.00645,80.2577791,Baskin-Robbins,13.00664753489594,80.25712269957235,Ice Cream Shop
234,Adyar,13.00645,80.2577791,Buhari Hotel,13.004564601004525,80.25463753790439,Indian Restaurant
235,Adyar,13.00645,80.2577791,Daawat Restaurant,13.006570996757917,80.25341956379276,Italian Restaurant
236,Adyar,13.00645,80.2577791,Esthel Hotel,13.007224978150491,80.2596531577827,Indian Restaurant
237,Adyar,13.00645,80.2577791,Hotel Crescent,13.005643213332624,80.25741273696315,Indian Restaurant
238,Adyar,13.00645,80.2577791,Cafe Coffee Day,13.0098681501466,80.2589464187622,Coffee Shop
239,Adyar,13.00645,80.2577791,Hotel runs,13.006580827870875,80.25514207285457,Indian Restaurant
240,Adyar,13.00645,80.2577791,Animal Kingdom,13.007603066723602,80.25839904532378,Indian Restaurant
241,Adyar,13.00645,80.2577791,Kumarakom,13.007008857040628,80.25394457447048,Asian Restaurant
242,Adyar,13.00645,80.2577791,Mercy Electronics,13.008483797471774,80.2590453068197,Electronics Store
243,Adyar,13.00645,80.2577791,Mercy Electronics,13.002497472412065,80.25668715170961,Electronics Store
244,Adyar,13.00645,80.2577791,Jalpaan,13.006505142131767,80.25406746543892,Indian Restaurant
245,Adyar,13.00645,80.2577791,Metro Shoes,13.006484337595165,80.25380612755539,Shoe Store
246,Adyar,13.00645,80.2577791,Convo@C20,13.006897,80.25367,Coffee Shop
247,Guindy,13.0087095,80.2203646,ITC Grand Chola,13.010439604308148,80.22066861391068,Hotel
248,Guindy,13.0087095,80.2203646,"Ottimo Cucina Italiana, ITC Grand Chola",13.01044420875714,80.22093812212667,Italian Restaurant
249,Guindy,13.0087095,80.2203646,Peshawri,13.010535658080318,80.22025150360636,Indian Restaurant
250,Guindy,13.0087095,80.2203646,Pan Asian,13.010991401989187,80.22040826985709,Asian Restaurant
251,Guindy,13.0087095,80.2203646,"Cafe Mercara Express, ITC Grand Chola",13.010800762587756,80.22028568902097,Coffee Shop
252,Guindy,13.0087095,80.2203646,Madras Pavilion,13.01111721192126,80.22041892204294,Indian Restaurant
253,Guindy,13.0087095,80.2203646,Royal Vega,13.010837660086912,80.22029921499646,Vegetarian / Vegan Restaurant
254,Guindy,13.0087095,80.2203646,Park Hyatt Chennai,13.010554074303402,80.22346128754975,Hotel
255,Guindy,13.0087095,80.2203646,Avartana,13.011179,80.22063,Molecular Gastronomy Restaurant
256,Guindy,13.0087095,80.2203646,The Flying Elephant,13.010472168307471,80.22353622486264,Restaurant
257,Guindy,13.0087095,80.2203646,"Residents Lounge, ITC Grand Chola",13.010474151994957,80.22026285752449,Lounge
258,Guindy,13.0087095,80.2203646,The Cheroot - the Malt and Cigar Bar,13.01102351738511,80.22032642930193,Whisky Bar
259,Guindy,13.0087095,80.2203646,The Dining Room,13.010504321873237,80.22348437359791,Restaurant
260,Guindy,13.0087095,80.2203646,Caf√© Coffee Day,13.011393115479036,80.22332125583434,Caf√©
261,Guindy,13.0087095,80.2203646,"Rajendra Hall, ITC Grand Chola",13.010506105975598,80.22023404008762,Concert Hall
262,Guindy,13.0087095,80.2203646,"Gym, ITC Grand Chola",13.01043924387766,80.22052933754762,Athletics & Sports
263,Guindy,13.0087095,80.2203646,Kaya Kalp Spa,13.010345107589407,80.22046806239274,Spa
264,Guindy,13.0087095,80.2203646,SDAT Aquatic Complex,13.00598862428652,80.22033734185717,Gym Pool
265,Guindy,13.0087095,80.2203646,Nutmeg - The Gourmet Shop,13.010775060872712,80.2201194738516,Bakery
266,Guindy,13.0087095,80.2203646,Sun Palm Driving Range,13.00844718947404,80.21822399866575,Golf Course
267,Guindy,13.0087095,80.2203646,Fabelle,13.011711,80.220698,Dessert Shop
268,Guindy,13.0087095,80.2203646,ABT X Travels,13.012232238367874,80.2194676820462,Bus Station
269,Guindy,13.0087095,80.2203646,Sphere,13.010943333827342,80.22349783725568,Gym
270,Guindy,13.0087095,80.2203646,Antahpura Spa,13.011088451723811,80.22391029754691,Spa
271,Manapakkam,13.0147531,80.17449350000001,Sangeetha Veg Restaurant,13.015420008889501,80.17467092556014,Indian Restaurant
272,Manapakkam,13.0147531,80.17449350000001,Sulthan Biriani,13.016075438359294,80.17857275771871,Afghan Restaurant
273,Kotturpuram,13.0193703,80.2435512,French Loaf,13.02025989121123,80.24196885526624,Bakery
274,Kotturpuram,13.0193703,80.2435512,Ciclo Cafe,13.022451837010024,80.24242416548292,Caf√©
275,Kotturpuram,13.0193703,80.2435512,Anna Centenary Library,13.017296477745143,80.24063474452852,College Library
276,Kotturpuram,13.0193703,80.2435512,Royal Sandwich Shop,13.017900146207792,80.2411383360346,Sandwich Place
277,Kotturpuram,13.0193703,80.2435512,Kottur Garden,13.018639909862644,80.2452196414097,Department Store
278,Kotturpuram,13.0193703,80.2435512,Heritage supermarket,13.020176192510121,80.24212132373013,Department Store
279,Kotturpuram,13.0193703,80.2435512,Heritage Fresh,13.020593323069077,80.24297623108627,Grocery Store
280,Kotturpuram,13.0193703,80.2435512,Soy Soi,13.019072,80.24138,Asian Restaurant
281,Kotturpuram,13.0193703,80.2435512,Manjari,13.022050111825797,80.24267129698562,Flower Shop
282,Mugalivakkam,13.0205798,80.1685163,Iswariya Stores,13.022729258771006,80.1691884414302,Grocery Store
283,Mugalivakkam,13.0205798,80.1685163,Malaysian Parotta,13.020781,80.165146,Hotel
284,Mugalivakkam,13.0205798,80.1685163,Ayyanar Supermarket,13.024188566408004,80.16769513931193,Convenience Store
285,Mugalivakkam,13.0205798,80.1685163,Hot Chick Restaurant,13.024719017753686,80.16761883850353,Indian Restaurant
286,Saidapet,13.020817,80.2239536,Saidapet Railway Station,13.023616596185127,80.22382315407164,Train Station
287,Saidapet,13.020817,80.2239536,Data Udipi,13.020142851307906,80.22486342347904,South Indian Restaurant
288,Saidapet,13.020817,80.2239536,Balajee Bhavan,13.020229547770963,80.22456931718797,Indian Restaurant
289,Saidapet,13.020817,80.2239536,arabian delights,13.020465865360427,80.21943863273873,BBQ Joint
290,Moulivakkam,13.0222692,80.1413929,Domino's Pizza,13.018696784973145,80.14202117919922,Pizza Place
291,Moulivakkam,13.0222692,80.1413929,Madurai Sri Mundiyandi Vilas,13.022540092468262,80.14130401611328,Indian Restaurant
292,Moulivakkam,13.0222692,80.1413929,Om Sai Catering,13.02355,80.14324,Food Service
293,Moulivakkam,13.0222692,80.1413929,Hot Briyani,13.019136428833008,80.14250946044922,Indian Restaurant
294,Ekkaduthangal,13.02248,80.203187,Hotel Saravana Bhavan,13.02233679993348,80.20619465281393,Asian Restaurant
295,Ekkaduthangal,13.02248,80.203187,Layalee,13.024146,80.206921,Middle Eastern Restaurant
296,Ekkaduthangal,13.02248,80.203187,Hotel Saravana Bhavan,13.02233679993348,80.20619465281393,Asian Restaurant
297,Ekkaduthangal,13.02248,80.203187,Layalee,13.024146,80.206921,Middle Eastern Restaurant
298,Purasaiwalkam,13.02248,80.203187,Hotel Saravana Bhavan,13.02233679993348,80.20619465281393,Asian Restaurant
299,Purasaiwalkam,13.02248,80.203187,Layalee,13.024146,80.206921,Middle Eastern Restaurant
300,Foreshore Estate,13.0249209,80.2776875,Palmshore Multi-Cuisine BBQ Restaurant,13.026231172808412,80.2752925061998,Middle Eastern Restaurant
301,Foreshore Estate,13.0249209,80.2776875,Sangeetha Restaurant,13.025106847681418,80.27470809984933,Vegetarian / Vegan Restaurant
302,Foreshore Estate,13.0249209,80.2776875,KFC,13.02638302632429,80.27539554585225,Fast Food Restaurant
303,Foreshore Estate,13.0249209,80.2776875,Cafe Coffee Day,13.02884924352036,80.27642216237474,Caf√©
304,Foreshore Estate,13.0249209,80.2776875,Palmshore,13.026288969425385,80.27844456794568,BBQ Joint
305,Foreshore Estate,13.0249209,80.2776875,Marina Park Restaurant,13.025089172404657,80.27477048733608,Restaurant
306,Foreshore Estate,13.0249209,80.2776875,Fore Shore Estate Beach,13.022015104818905,80.27855887011695,Harbor / Marina
307,Foreshore Estate,13.0249209,80.2776875,Chill and Grill,13.02876696934082,80.27612231138825,Bar
308,Mandaveli,13.0258445,80.2627877,The Quad @ Bamboola,13.026804709602049,80.26137915509521,Gym / Fitness Center
309,Mandaveli,13.0258445,80.2627877,The Grand Sweets & Snacks,13.0269352028842,80.26089992198204,Snack Place
310,Mandaveli,13.0258445,80.2627877,Domino's Pizza,13.026863150889612,80.26154792082738,Pizza Place
311,Mandaveli,13.0258445,80.2627877,Spencer's,13.026874376709692,80.26144992786251,Department Store
312,Mandaveli,13.0258445,80.2627877,Tholkappia Poonga,13.026758353782975,80.26129205006968,Park
313,Mandaveli,13.0258445,80.2627877,Kovai Pazhamudir Nilayam,13.026825114748744,80.26148129591688,Farmers Market
314,Mandaveli,13.0258445,80.2627877,McRennett,13.025977318768264,80.26484695118151,Bakery
315,Mandaveli,13.0258445,80.2627877,Green Trends,13.026986418231894,80.26073130932465,Spa
316,Mandaveli,13.0258445,80.2627877,Pizza Corner,13.024622879737413,80.26016512073045,Pizza Place
317,Mandaveli,13.0258445,80.2627877,Tawa 9,13.024051644712454,80.26610991229744,Caf√©
318,Nandanam,13.0286286,80.240256,Paddington Sports Club,13.029861684781672,80.24234292331164,Sports Bar
319,Nandanam,13.0286286,80.240256,US 101,13.032612951850947,80.23939206887279,Bar
320,Nandanam,13.0286286,80.240256,"YMCA, Nandanam",13.026342225474385,80.23695230484009,Playground
321,Nandanam,13.0286286,80.240256,Nandanam Metro Station,13.031801,80.241279,Metro Station
322,Nandanam,13.0286286,80.240256,Novotel Chennai Chamiers Road,13.029782,80.244235,Hotel
323,T. Nagar,13.0294483,80.2309064,Buhari Hotel @ Nandanam,13.02690402544013,80.23302021025162,Indian Restaurant
324,T. Nagar,13.0294483,80.2309064,Hotel Majestic,13.02632212371135,80.23164937130393,Indian Restaurant
325,T. Nagar,13.0294483,80.2309064,Samsung Service Center - Aricent Nandanam,13.028364721666003,80.23371336837542,Electronics Store
326,T. Nagar,13.0294483,80.2309064,C I T Nagar Corporation Playing Ground,13.027476861303615,80.23345196782473,Playground
327,Santhome,13.0298372,80.275738,Palmshore Multi-Cuisine BBQ Restaurant,13.026231172808412,80.2752925061998,Middle Eastern Restaurant
328,Santhome,13.0298372,80.275738,Cafe Coffee Day,13.02884924352036,80.27642216237474,Caf√©
329,Santhome,13.0298372,80.275738,KFC,13.02638302632429,80.27539554585225,Fast Food Restaurant
330,Santhome,13.0298372,80.275738,Bay Of Bengal,13.030647477493549,80.2760169710815,Indian Restaurant
331,Santhome,13.0298372,80.275738,Chill and Grill,13.02876696934082,80.27612231138825,Bar
332,Santhome,13.0298372,80.275738,Santhom Beach,13.033699506594504,80.27739951236254,Surf Spot
333,Santhome,13.0298372,80.275738,Palmshore,13.026288969425385,80.27844456794568,BBQ Joint
334,Jafferkhanpet,13.0299401,80.2056195,Hotel Saravana Bhavan,13.02998693565693,80.20890941248025,Vegetarian / Vegan Restaurant
335,Jafferkhanpet,13.0299401,80.2056195,PalmShore,13.029631010723216,80.20884336242496,Multicuisine Indian Restaurant
336,Jafferkhanpet,13.0299401,80.2056195,Kasi Theater,13.029284461283332,80.20875307123602,Movie Theater
337,Jafferkhanpet,13.0299401,80.2056195,Udhayam Theater,13.031279514162007,80.20989539058,Movie Theater
338,Mylapore,13.0316504,80.270099,Kalathi Cool Drink Stall,13.032062307661246,80.27074786655182,Juice Bar
339,Mylapore,13.0316504,80.270099,Mylai Sri Karpagambal Mess,13.032904419868622,80.27104025753003,Indian Restaurant
340,Mylapore,13.0316504,80.270099,Hotel Saravana Bhavan,13.03444822409274,80.26882026718185,Vegetarian / Vegan Restaurant
341,Mylapore,13.0316504,80.270099,Sangeetha,13.031806375708834,80.26735652355303,Vegetarian / Vegan Restaurant
342,Mylapore,13.0316504,80.270099,Thirumayilai MRTS Station,13.03423846130251,80.26680671036995,Train
343,Porur,13.032013099999999,80.158304,Anjappar Porur,13.033863329522656,80.16052196022144,Restaurant
344,Porur,13.032013099999999,80.158304,Karaikudi chettinadu restaurant,13.034421703407336,80.15904001368173,Indian Restaurant
345,Porur,13.032013099999999,80.158304,Gopalakrishna Theatre,13.033842359942222,80.16111960443442,Movie Theater
346,Porur,13.032013099999999,80.158304,Nilgris,13.033398151787615,80.16143824700157,Department Store
347,Porur,13.032013099999999,80.158304,Nilgiris Super Market,13.033592752502024,80.1615745082408,Department Store
348,Porur,13.032013099999999,80.158304,Anugraha Udipi Hotel,13.032590208893291,80.15435781455355,Indian Restaurant
349,Porur,13.032013099999999,80.158304,Porur Signal,13.03500124892128,80.15560061180912,Travel & Transport
350,Nesapakkam,13.033619300000002,80.1873092,Caf√© Coffee Day,13.031740326010002,80.1861088926737,Caf√©
351,Nesapakkam,13.033619300000002,80.1873092,Ibaco,13.032002249559811,80.1868553861076,Ice Cream Shop
352,Nesapakkam,13.033619300000002,80.1873092,Ganesh bavan,13.03204822540283,80.18379974365234,Indian Restaurant
353,Nesapakkam,13.033619300000002,80.1873092,hotel santosi,13.030674934387207,80.18450164794922,Chinese Restaurant
354,Alwarpet,13.0338602,80.25454909999999,The Old Madras Baking Company,13.032961404103814,80.25282081757992,Bakery
355,Alwarpet,13.0338602,80.25454909999999,Royal Sandwich Shop,13.033749676572398,80.25342570474287,Sandwich Place
356,Alwarpet,13.0338602,80.25454909999999,Juice World,13.03332739070886,80.25693380230105,Juice Bar
357,Alwarpet,13.0338602,80.25454909999999,Winners Bakery,13.034742001686661,80.2570850429297,Bakery
358,Alwarpet,13.0338602,80.25454909999999,Ashvita Bistro,13.03282811723683,80.25491365590308,Restaurant
359,Alwarpet,13.0338602,80.25454909999999,Kolkatta Chat,13.033282738322159,80.25699084888134,Snack Place
360,Alwarpet,13.0338602,80.25454909999999,Ox and Tomato,13.032647,80.252835,Italian Restaurant
361,Alwarpet,13.0338602,80.25454909999999,Benjarong,13.031790178437348,80.25184367209168,Thai Restaurant
362,Alwarpet,13.0338602,80.25454909999999,Teppan At Benjarong,13.031867586430558,80.25179938468844,Japanese Restaurant
363,Alwarpet,13.0338602,80.25454909999999,Indian Terrain,13.031154518458374,80.25139960336271,Men's Store
364,Alwarpet,13.0338602,80.25454909999999,Lloyds Tea House,13.036074512588637,80.25515585419976,Tea Room
365,Alwarpet,13.0338602,80.25454909999999,Crossword,13.037832396300947,80.25651139632515,Bookstore
366,Alwarpet,13.0338602,80.25454909999999,Cafe Coffee Day,13.034184340690734,80.25339234092615,Caf√©
367,Alwarpet,13.0338602,80.25454909999999,New Town,13.03106376285985,80.25138686109116,Restaurant
368,Alwarpet,13.0338602,80.25454909999999,GO GO Ramen,13.032675037931792,80.25262310699799,Japanese Restaurant
369,Alwarpet,13.0338602,80.25454909999999,Wonton's,13.0308995807804,80.2540111541748,Chinese Restaurant
370,Alwarpet,13.0338602,80.25454909999999,Cafe Coffee Day,13.031432660439398,80.25668799877167,Coffee Shop
371,Alwarpet,13.0338602,80.25454909999999,Momo Yama,13.032862405682687,80.25102277180808,Japanese Restaurant
372,Alwarpet,13.0338602,80.25454909999999,The Summer House Eatery,13.035872,80.254016,Bistro
373,Alwarpet,13.0338602,80.25454909999999,Terra earth food,13.031153,80.25459,Organic Grocery
374,Alwarpet,13.0338602,80.25454909999999,Heritage Fresh,13.035301190356087,80.25119814914555,Food & Drink Shop
375,Alwarpet,13.0338602,80.25454909999999,The Fat Boy,13.032885800814583,80.25099063477606,Pizza Place
376,Alwarpet,13.0338602,80.25454909999999,Momoyama,13.032453725699668,80.25099124972182,Japanese Restaurant
377,Alwarpet,13.0338602,80.25454909999999,Eating Circles,13.030298,80.256595,Restaurant
378,Iyyapanthangal,13.037991400000001,80.135136,Subway,13.0388565,80.1336,Sandwich Place
379,Iyyapanthangal,13.037991400000001,80.135136,Banyan Tree Restaraunt,13.038945317573887,80.1332547643815,Indian Restaurant
380,Iyyapanthangal,13.037991400000001,80.135136,les Croissants,13.039184889070667,80.13153183714111,Bakery
381,Iyyapanthangal,13.037991400000001,80.135136,Zamin Restaurant,13.037098921935781,80.13923021864872,Food Court
382,Kattupakkam,13.0400552,80.1243027,Domino's Pizza,13.042957581315523,80.12421446340494,Pizza Place
383,Kattupakkam,13.0400552,80.1243027,Bharti Supermarket,13.041602130786702,80.12519596553962,Grocery Store
384,Kattupakkam,13.0400552,80.1243027,Pizza Hut,13.041709,80.1258749999999,Pizza Place
385,Kattupakkam,13.0400552,80.1243027,Aiyanar Bhavan Veg Hotel,13.040988901583853,80.12719165195588,Indian Restaurant
386,Kattupakkam,13.0400552,80.1243027,Hyderabad Briyani,13.04053237863737,80.12769874521302,Fast Food Restaurant
387,Kattupakkam,13.0400552,80.1243027,The Grand Sweets & Snacks,13.043228,80.121952,Indian Sweet Shop
388,Ashok Nagar,13.0400731,80.2159247,Cream World,13.042729334801754,80.21668625905887,Dessert Shop
389,Ashok Nagar,13.0400731,80.2159247,Subway,13.038852882328293,80.2122736194219,Sandwich Place
390,Ashok Nagar,13.0400731,80.2159247,IBACO,13.037323355117131,80.21489682921519,Ice Cream Shop
391,Ashok Nagar,13.0400731,80.2159247,Matta Veg Food Corner,13.037346409096083,80.21328902899164,Diner
392,Ashok Nagar,13.0400731,80.2159247,Pizza Hut,13.040950658778643,80.21558385976107,Pizza Place
393,Ashok Nagar,13.0400731,80.2159247,Caf√© Coffee Day,13.042245682628275,80.21237782585833,Coffee Shop
394,Ashok Nagar,13.0400731,80.2159247,Buhari Hotel Ashok Nagar,13.0424716009321,80.21241024564765,Indian Restaurant
395,Ashok Nagar,13.0400731,80.2159247,Mast Kalandar,13.043777658365412,80.21745871577392,Indian Restaurant
396,K.K. Nagar,13.041001,80.199392,Domino's Pizza,13.040980168077256,80.19831896147276,Pizza Place
397,K.K. Nagar,13.041001,80.199392,Hotel Saravana Bhavan K.K.Nagar,13.040007507080112,80.2021586894989,Indian Restaurant
398,K.K. Nagar,13.041001,80.199392,Anand Bread House,13.04096071611085,80.19886921792808,Bakery
399,K.K. Nagar,13.041001,80.199392,Vitamins Chat Corner,13.040658874464945,80.19941402280125,Snack Place
400,K.K. Nagar,13.041001,80.199392,Milkyway,13.039300262733963,80.19912775302942,Ice Cream Shop
401,Valasaravakkam,13.0410164,80.1721682,Subway,13.040030553412356,80.17100870874552,Sandwich Place
402,Valasaravakkam,13.0410164,80.1721682,Data Udupi Hotel,13.040698510295096,80.17254830060607,Asian Restaurant
403,Valasaravakkam,13.0410164,80.1721682,Murugan Idli Shop,13.04093225347065,80.17314918833728,Vegetarian / Vegan Restaurant
404,Valasaravakkam,13.0410164,80.1721682,Gama Gamaa,13.041966345668676,80.1766294054024,Indian Restaurant
405,Valasaravakkam,13.0410164,80.1721682,The Cake World,13.04045576875348,80.17201692396534,Bakery
406,West Mambalam,13.042732199999998,80.2270781,Taz Kamar Executive Inn,13.039356872504984,80.22946550980328,Resort
407,West Mambalam,13.042732199999998,80.2270781,Five Lights,13.044796659573551,80.22651896350763,Lighthouse
408,West Mambalam,13.042732199999998,80.2270781,Mambalam Railway Station,13.039083794928516,80.22806882858276,Train Station
409,West Mambalam,13.042732199999998,80.2270781,Nathella Jewellery,13.040432246329983,80.23047303392597,Jewelry Store
410,Teynampet,13.0443237,80.24984549999999,Hyatt Regency Chennai,13.042873696920305,80.24859309459823,Hotel
411,Teynampet,13.0443237,80.24984549999999,Stix,13.042897523417743,80.2486404962135,Chinese Restaurant
412,Teynampet,13.0443237,80.24984549999999,Focaccia,13.042917161634259,80.24851393407133,Italian Restaurant
413,Teynampet,13.0443237,80.24984549999999,365 A.S @ Hyatt Regency Chennai,13.042872593589117,80.2485080337972,Lounge
414,Teynampet,13.0443237,80.24984549999999,Courtyard by Marriott Chennai,13.0460041,80.2478248,Hotel
415,Teynampet,13.0443237,80.24984549999999,Paprika Cafe,13.04594569934617,80.2480781099072,Caf√©
416,Teynampet,13.0443237,80.24984549999999,Lobby Lounge,13.042879160045711,80.24868760439851,Lounge
417,Teynampet,13.0443237,80.24984549999999,Q Play,13.042773882360402,80.24864453936156,Bowling Alley
418,Teynampet,13.0443237,80.24984549999999,Rhapsody Restaurant,13.045942010059852,80.248047415523,Lounge
419,Teynampet,13.0443237,80.24984549999999,Paprika,13.045938482431643,80.24808333509166,Coffee Shop
420,Teynampet,13.0443237,80.24984549999999,Spice Haat,13.042657328165845,80.2488974698699,Indian Restaurant
421,Teynampet,13.0443237,80.24984549999999,Hyatt,13.042800722212808,80.24857063012279,Lounge
422,Teynampet,13.0443237,80.24984549999999,The Accord Metropolitan Hotel Chennai,13.0461726416438,80.24642844470455,Nightclub
423,Alwarthirunagar,13.047486,80.1836687,Inshape Health & Fitnez,13.045845006130316,80.18678941884978,Gym
424,Alwarthirunagar,13.047486,80.1836687,KFC,13.044008392295565,80.18408915016029,Fast Food Restaurant
425,Alwarthirunagar,13.047486,80.1836687,Domino's Pizza,13.043,80.184,Pizza Place
426,Alwarthirunagar,13.047486,80.1836687,Cafe Coffee Day,13.044449629599487,80.18588003936479,Caf√©
427,Alwarthirunagar,13.047486,80.1836687,Mega Mart,13.044850046836313,80.18562938979876,Clothing Store
428,Alwarthirunagar,13.047486,80.1836687,Royal Tea Shop,13.044494160231602,80.18484240757608,Tea Room
429,Alwarthirunagar,13.047486,80.1836687,Lamech Tea Shop,13.043261,80.182279,Smoke Shop
430,Virugambakkam,13.0475434,80.1922181,Subway,13.047274526501635,80.1949574167228,Sandwich Place
431,Virugambakkam,13.0475434,80.1922181,Caf√© Coffee Day,13.047411755594117,80.19525162524693,Caf√©
432,Virugambakkam,13.0475434,80.1922181,McDonald's,13.04660701451704,80.19379691751267,Fast Food Restaurant
433,Virugambakkam,13.0475434,80.1922181,The Cascade,13.047210961314436,80.1892255957113,Chinese Restaurant
434,Virugambakkam,13.0475434,80.1922181,INOX National,13.046955221875672,80.19054737419063,Movie Theater
435,Virugambakkam,13.0475434,80.1922181,Pizza Hut,13.04760189730286,80.19643000596605,Pizza Place
436,Virugambakkam,13.0475434,80.1922181,Inox,13.046397595314803,80.19017910974458,Multiplex
437,Virugambakkam,13.0475434,80.1922181,Chick Punch,13.046542855994057,80.19064768987961,Burger Joint
438,Virugambakkam,13.0475434,80.1922181,Fame Cinemas,13.046786408359697,80.1902880820986,Multiplex
439,Gopalapuram,13.048938,80.258616,Z The Tapas Bar & Restaurant,13.045807861696787,80.25801341570235,Bar
440,Gopalapuram,13.048938,80.258616,Nando's,13.046236543084332,80.25626732980982,African Restaurant
441,Gopalapuram,13.048938,80.258616,The Brew Room,13.045472837636893,80.26096006257893,Caf√©
442,Gopalapuram,13.048938,80.258616,Fruit Shop on Greams Road,13.046358066318183,80.25613617888791,Juice Bar
443,Gopalapuram,13.048938,80.258616,Lloyds Tea House - lloyds road,13.050559041398648,80.2558950539256,Tea Room
444,Gopalapuram,13.048938,80.258616,Music Academy,13.045824692206624,80.25964792592062,Concert Hall
445,Gopalapuram,13.048938,80.258616,Sheraton Chola Hotel Chennai,13.045870587990002,80.25698630238806,Hotel
446,Gopalapuram,13.048938,80.258616,Maris Hotel Chennai,13.04560312930525,80.25782638518567,Hotel
447,Gopalapuram,13.048938,80.258616,Bay Leaf,13.047546700600272,80.25508267442002,Indian Restaurant
448,Gopalapuram,13.048938,80.258616,Subway,13.0498455760432,80.25695846203973,Sandwich Place
449,Gopalapuram,13.048938,80.258616,Gangotree,13.0472419839075,80.25453810828202,Indian Restaurant
450,Gopalapuram,13.048938,80.258616,Charminar,13.048581281005424,80.26042099489048,Indian Restaurant
451,Gopalapuram,13.048938,80.258616,Kay,13.046526253689372,80.25557873909933,Women's Store
452,Gopalapuram,13.048938,80.258616,Snofield,13.045162944872892,80.25963753247012,Dessert Shop
453,Gopalapuram,13.048938,80.258616,Kalpa Druma,13.04576988677172,80.25713812524188,Arts & Crafts Store
454,Gopalapuram,13.048938,80.258616,Amaravathi Restaurant,13.04513833034845,80.25955960925076,South Indian Restaurant
455,Gopalapuram,13.048938,80.258616,Don Pepe Tex Mex,13.045616743298325,80.25806365691723,Mexican Restaurant
456,Gopalapuram,13.048938,80.258616,Hotel Savera Chennai,13.045591987555937,80.26113193026698,Hotel
457,Gopalapuram,13.048938,80.258616,Copper Chimney,13.045660803162205,80.25805863141214,Indian Restaurant
458,Gopalapuram,13.048938,80.258616,Cafe Coffee Day,13.049740699798711,80.25726933354777,Caf√©
459,Gopalapuram,13.048938,80.258616,China Town,13.04611955966437,80.25812705997566,Chinese Restaurant
460,Gopalapuram,13.048938,80.258616,BAY 146,13.045470144427185,80.2611212360205,Lounge
461,Gopalapuram,13.048938,80.258616,Currytown (The Taste of North),13.045948147773743,80.26144087314606,Indian Restaurant
462,Gopalapuram,13.048938,80.258616,Malgudi,13.046428298370012,80.26142815163271,Indian Restaurant
463,Gopalapuram,13.048938,80.258616,Bayleaf,13.046656224180579,80.25485147425746,Indian Restaurant
464,Gopalapuram,13.048938,80.258616,Hotel Ponnusamy,13.049504137234935,80.26219687704334,Indian Restaurant
465,Gopalapuram,13.048938,80.258616,My Fortune Chennai,13.045669676855628,80.25746385130165,Hotel
466,Gopalapuram,13.048938,80.258616,Baskin-Robbins,13.047296434235577,80.25431655226849,Ice Cream Shop
467,Gopalapuram,13.048938,80.258616,Russian Restaurant Winter Palace,13.045055161567529,80.25633780441201,Russian Restaurant
468,Gopalapuram,13.048938,80.258616,HDFC Bank,13.049847602844238,80.25740051269531,Bank
469,Gopalapuram,13.048938,80.258616,The Bistro Story,13.048030723104386,80.25779843330383,Restaurant
470,Gopalapuram,13.048938,80.258616,Zaica,13.04588122218761,80.25827053908644,Indian Restaurant
471,Gopalapuram,13.048938,80.258616,Brown Tree,13.046422400440429,80.25596302384595,Food & Drink Shop
472,Gopalapuram,13.048938,80.258616,The Kati Roll Shop,13.047563,80.254954,Indian Restaurant
473,Kodambakkam,13.049207000000001,80.2242829,Tibbs Frankie,13.05167,80.227349,Deli / Bodega
474,Alapakkam,13.049901,80.1654347,Suguna Mess,13.052621920230967,80.166287901174,Fast Food Restaurant
475,Alapakkam,13.049901,80.1654347,MADC Mess,13.052868855710996,80.16686962222546,Indian Restaurant
476,Alapakkam,13.049901,80.1654347,ŸÖÿ±ÿ≠ÿ®ÿß(marhaba) (marhaba),13.053052776319134,80.16639411449432,Fast Food Restaurant
477,Alapakkam,13.049901,80.1654347,MADC Cafetaria,13.052944451466278,80.16678512298061,Indian Restaurant
478,Alapakkam,13.049901,80.1654347,Anna stores,13.053117218937654,80.16647431820954,Snack Place
479,Vadapalani,13.0509304,80.2120661,Barbeque Nation,13.052679566222576,80.21255043668754,BBQ Joint
480,Vadapalani,13.0509304,80.2120661,Palazzo,13.050383079188133,80.2095413445651,Multiplex
481,Vadapalani,13.0509304,80.2120661,Lifestyle,13.049738520829292,80.20946631250942,Clothing Store
482,Vadapalani,13.0509304,80.2120661,Hotel Saravana Bhavan,13.050776183469756,80.21374095613845,South Indian Restaurant
483,Vadapalani,13.0509304,80.2120661,The Forum Vijaya Mall,13.05097808347214,80.20952562663042,Shopping Mall
484,Vadapalani,13.0509304,80.2120661,The Pasta Bar Veneto,13.0509538631954,80.20948713192765,Italian Restaurant
485,Vadapalani,13.0509304,80.2120661,Mithai Mandir,13.051001690543732,80.2135668328937,Vegetarian / Vegan Restaurant
486,Vadapalani,13.0509304,80.2120661,Cream & Fudge,13.051035545945167,80.20947594272806,Ice Cream Shop
487,Vadapalani,13.0509304,80.2120661,"Cream Centre, Vijaya Forum Mall",13.050967678939717,80.20954745413444,Restaurant
488,Vadapalani,13.0509304,80.2120661,GreenPark HOTELS - Chennai,13.050917604014744,80.20872204046346,Hotel
489,Vadapalani,13.0509304,80.2120661,Simran's Aapa Kadai,13.050042516602714,80.21171452408193,Asian Restaurant
490,Vadapalani,13.0509304,80.2120661,Caf√© Coffee Day,13.050958454451267,80.20950935332662,Caf√©
491,Vadapalani,13.0509304,80.2120661,RMKV,13.050979842849806,80.20952387970381,Clothing Store
492,Vadapalani,13.0509304,80.2120661,McDonald's,13.050237272251906,80.20951543626747,Fast Food Restaurant
493,Vadapalani,13.0509304,80.2120661,Domino's Pizza,13.047902832834616,80.21430219184239,Pizza Place
494,Vadapalani,13.0509304,80.2120661,ID,13.050242923712302,80.20951475535155,Indian Restaurant
495,Vadapalani,13.0509304,80.2120661,Salt Restaurant,13.051065222967939,80.20939595205341,Indian Restaurant
496,Vadapalani,13.0509304,80.2120661,KFC,13.050952633306286,80.20949369064084,Fast Food Restaurant
497,Vadapalani,13.0509304,80.2120661,Kamala Theatre,13.048897508795964,80.2101882124245,Multiplex
498,Vadapalani,13.0509304,80.2120661,SPAR,13.050109163816543,80.20945026291884,Market
499,Vadapalani,13.0509304,80.2120661,Screen 8 - Palazzo,13.050387,80.209694,Movie Theater
500,Vadapalani,13.0509304,80.2120661,Mercy Electronics,13.050981826200948,80.21587638323325,Electronics Store
501,Vadapalani,13.0509304,80.2120661,sri akshaya sai juice shop,13.0518665148893,80.20772695541382,Juice Bar
502,United India Colony,13.0511219,80.22475779999999,ibaco,13.054761311997483,80.22381226113094,Ice Cream Shop
503,United India Colony,13.0511219,80.22475779999999,Amudham Juice Shop,13.052172274973586,80.22859105162244,Juice Bar
504,United India Colony,13.0511219,80.22475779999999,Tibbs Frankie,13.05167,80.227349,Deli / Bodega
505,United India Colony,13.0511219,80.22475779999999,Mannah Snacks and Chat,13.052306851265008,80.22818566464568,Bakery
506,Noombal,13.054875,80.1387118,hilton fast food,13.053556,80.138654,Fast Food Restaurant
507,Noombal,13.054875,80.1387118,Pandiyan Hotel,13.057618226550398,80.13675503534898,Fast Food Restaurant
508,Royapettah,13.055471800000001,80.2639706,Escape Cinemas,13.058745714034695,80.26417013488887,Multiplex
509,Royapettah,13.055471800000001,80.2639706,Express Avenue,13.058705499328816,80.26420457580393,Shopping Mall
510,Royapettah,13.055471800000001,80.2639706,Krispy Kreme Doughnuts,13.059019182618115,80.26405141505771,Donut Shop
511,Royapettah,13.055471800000001,80.2639706,E Hotel India,13.058682870203814,80.26302817109251,Hotel
512,Royapettah,13.055471800000001,80.2639706,Marks & Spencers,13.058692017176188,80.2641825059664,Clothing Store
513,Royapettah,13.055471800000001,80.2639706,Streak,13.058745766249407,80.26405759092263,Multiplex
514,Royapettah,13.055471800000001,80.2639706,Zaitoon,13.058644398384429,80.2652899701296,Middle Eastern Restaurant
515,Royapettah,13.055471800000001,80.2639706,Starbucks,13.058714466399296,80.26471964111927,Coffee Shop
516,Royapettah,13.055471800000001,80.2639706,Carve at Escape Cinemas,13.058680636955787,80.26437877977749,Movie Theater
517,Royapettah,13.055471800000001,80.2639706,Lifestyle,13.058318372555929,80.26482086940455,Clothing Store
518,Royapettah,13.055471800000001,80.2639706,Rajdhani,13.058359061805403,80.2650268841361,Rajasthani Restaurant
519,Royapettah,13.055471800000001,80.2639706,Celio*,13.058669158471636,80.26363296649978,Clothing Store
520,Royapettah,13.055471800000001,80.2639706,"Plush, Escape",13.058775662679615,80.26433259755747,Movie Theater
521,Royapettah,13.055471800000001,80.2639706,Fruit Shop on Greams Road,13.058720778656166,80.2643533750239,Juice Bar
522,Royapettah,13.055471800000001,80.2639706,Subway,13.058682286628406,80.26423097855853,Sandwich Place
523,Royapettah,13.055471800000001,80.2639706,Kobe Sizzlers,13.058676724584554,80.26486017189454,Steakhouse
524,Royapettah,13.055471800000001,80.2639706,Max,13.058507906333402,80.26396487975046,Clothing Store
525,Royapettah,13.055471800000001,80.2639706,Arabian Hut,13.058295007444745,80.2648905018461,Middle Eastern Restaurant
526,Royapettah,13.055471800000001,80.2639706,Starmark,13.05876676918337,80.26487211049034,Bookstore
527,Royapettah,13.055471800000001,80.2639706,Baskin-Robbins,13.058673898609525,80.2639704886504,Ice Cream Shop
528,Royapettah,13.055471800000001,80.2639706,Hamleys,13.05842474806243,80.26420005199796,Toy / Game Store
529,Royapettah,13.055471800000001,80.2639706,Burger King,13.058638088400079,80.26413189258822,Fast Food Restaurant
530,Royapettah,13.055471800000001,80.2639706,O C T A V E The Music Factory,13.054246799716397,80.26610446853992,Record Shop
531,Saligramam,13.058340600000001,80.1985327,Reliance fresh,13.059515682709867,80.19525162528146,Department Store
532,Saligramam,13.058340600000001,80.1985327,Milkyway,13.057635098710767,80.1949410717731,Ice Cream Shop
533,Saligramam,13.058340600000001,80.1985327,Blue Diamond Food Court,13.0582038660474,80.19485934697772,Asian Restaurant
534,Saligramam,13.058340600000001,80.1985327,Grand Sweets and Snacks,13.057625599572232,80.19457058540695,Snack Place
535,Velappanchavadi,13.058489999999999,80.134405,Yamaha Service Center,13.06062206657498,80.1340889540669,Bike Rental / Bike Share
536,Velappanchavadi,13.058489999999999,80.134405,Pandiyan Hotel,13.057618226550398,80.13675503534898,Fast Food Restaurant
537,Velappanchavadi,13.058489999999999,80.134405,Buhari,13.060711,80.135745,Afghan Restaurant
538,Thiruvallikeni,13.058710699999999,80.27570630000002,Ratna cafe,13.058739850625004,80.2741698052978,Indian Restaurant
539,Thiruvallikeni,13.058710699999999,80.27570630000002,Kasi Vinayaga Mess,13.06075355981592,80.27700217013425,Indian Restaurant
540,Thiruvallikeni,13.058710699999999,80.27570630000002,A2B Triplicane,13.058265298288847,80.27652862284992,Vegetarian / Vegan Restaurant
541,Thiruvallikeni,13.058710699999999,80.27570630000002,Sea Lord Hotel,13.058800642210604,80.2740846412886,Middle Eastern Restaurant
542,Thiruvallikeni,13.058710699999999,80.27570630000002,Musee Musical,13.060913657952563,80.27348588225897,Music Store
543,Thiruvallikeni,13.058710699999999,80.27570630000002,Sangeetha restuarant,13.05505876683202,80.2773178668515,Vegetarian / Vegan Restaurant
544,Thiruvallikeni,13.058710699999999,80.27570630000002,Jam Bazaar,13.05922828629016,80.27153716445818,Flea Market
545,Maduravoyal,13.0601732,80.1665988,Ags Cinemas,13.060136,80.164665,Movie Theater
546,Vanagaram,13.0604406,80.1533447,Domino's Pizza,13.06173998350285,80.15122348699624,Pizza Place
547,Vanagaram,13.0604406,80.1533447,Pandiyan,13.061021392631325,80.1526026052518,Indian Restaurant
548,Vanagaram,13.0604406,80.1533447,Axis Bank ATM,13.05952,80.15433,ATM
549,Vanagaram,13.0604406,80.1533447,Biriyani 'n' Kebab,13.06116075237837,80.15215016969428,Indian Restaurant
550,Vanagaram,13.0604406,80.1533447,Vanagaram,13.0613173801638,80.15292421461665,Rest Area
551,Nungambakkam,13.062062599999999,80.240487,Bismi Biryani,13.061663796956331,80.24312952636882,Indian Restaurant
552,Nungambakkam,13.062062599999999,80.240487,Cakewalk,13.064965873121485,80.23908955899815,Gourmet Shop
553,Nungambakkam,13.062062599999999,80.240487,Hotel Crescent,13.064423527176064,80.24343463037023,Multicuisine Indian Restaurant
554,Nungambakkam,13.062062599999999,80.240487,Cake Walk,13.065009347162855,80.23904467496634,Bakery
555,Nungambakkam,13.062062599999999,80.240487,Crisp Cafe,13.064925769558712,80.23896990797353,Caf√©
556,Nungambakkam,13.062062599999999,80.240487,Apoorva Sangeetha,13.063903633822777,80.24354758362048,Indian Restaurant
557,Nungambakkam,13.062062599999999,80.240487,Sigree,13.065767410925583,80.24227116313695,Indian Restaurant
558,Nungambakkam,13.062062599999999,80.240487,Maplai,13.064068716568574,80.23635336666004,South Indian Restaurant
559,Nungambakkam,13.062062599999999,80.240487,Velu Military Hotel,13.062830250364438,80.24358609609331,Indian Restaurant
560,Nungambakkam,13.062062599999999,80.240487,Crescent Park Hotel,13.06446731409003,80.24347929576355,Asian Restaurant
561,Nungambakkam,13.062062599999999,80.240487,Hotel Raaj Bhavan,13.064070149346412,80.24352538204099,Indian Restaurant
562,Nungambakkam,13.062062599999999,80.240487,WangS Kitchen,13.065685897591141,80.24302860147793,Chinese Restaurant
563,Nungambakkam,13.062062599999999,80.240487,Nungambakkam Bus Stand,13.064188,80.243433,Bus Station
564,Nungambakkam,13.062062599999999,80.240487,Petrol Bunk Juice Shop,13.065059559316849,80.24343990607473,Juice Bar
565,Nungambakkam,13.062062599999999,80.240487,Quality Inn Aruna,13.065743563620453,80.24245893149731,Indian Restaurant
566,Nungambakkam,13.062062599999999,80.240487,NRC,13.064401252555848,80.23661594961426,Asian Restaurant
567,Nungambakkam,13.062062599999999,80.240487,The Belstead,13.062295,80.245095,Hotel
568,Choolaimedu,13.0623344,80.2254012,chef's paradise,13.06489534770242,80.22521199258108,Burger Joint
569,Chepauk,13.06363,80.2812779,M A Chidambaram Stadium,13.062830126112663,80.27923923698869,Cricket Ground
570,Chepauk,13.06363,80.2812779,Nair Mess,13.064454532787801,80.27756034842496,Indian Restaurant
571,Chepauk,13.06363,80.2812779,Chepauk Station,13.062105054451587,80.28048565490332,Light Rail Station
572,Chepauk,13.06363,80.2812779,TNCA Club,13.06391106779526,80.27876025928107,Sports Club
573,Chepauk,13.06363,80.2812779,MGR Memorial,13.064091812738509,80.28381116042165,Memorial Site
574,Chepauk,13.06363,80.2812779,Perarignar Anna Memorial,13.064627642736644,80.28397443883038,Memorial Site
575,Government Estate,13.0696345,80.2730362,Bombay Lassi,13.066040282556875,80.27122228359333,Dessert Shop
576,Government Estate,13.0696345,80.2730362,Ritche Street,13.069476832359927,80.2713738620468,Flea Market
577,Government Estate,13.0696345,80.2730362,Devi Cineplex,13.066247590997028,80.27087688446045,Multiplex
578,Government Estate,13.0696345,80.2730362,Hotel Saravana Bhavan,13.068072337369237,80.27122564026403,Indian Restaurant
579,Government Estate,13.0696345,80.2730362,Casino Theater,13.068729559391409,80.27011807960865,Movie Theater
580,Government Estate,13.0696345,80.2730362,Hotel Priyadarshini Park,13.0680003,80.2721265,Hotel
581,Government Estate,13.0696345,80.2730362,Devi theaters,13.066220950301508,80.2704179922665,Multiplex
582,Government Estate,13.0696345,80.2730362,Shanthi Theatre,13.066645150844348,80.27097104808529,Multiplex
583,Government Estate,13.0696345,80.2730362,Chintadripet MRTS Station,13.073876746276353,80.27400970458984,Train
584,Mount Road,13.070086,80.271856,Bombay Lassi,13.066040282556875,80.27122228359333,Dessert Shop
585,Mount Road,13.070086,80.271856,Mathura (woodland group),13.06663975831118,80.2690028648549,Indian Restaurant
586,Mount Road,13.070086,80.271856,Ritche Street,13.069476832359927,80.2713738620468,Flea Market
587,Mount Road,13.070086,80.271856,Devi Cineplex,13.066247590997028,80.27087688446045,Multiplex
588,Mount Road,13.070086,80.271856,Hotel Saravana Bhavan,13.068072337369237,80.27122564026403,Indian Restaurant
589,Mount Road,13.070086,80.271856,Casino Theater,13.068729559391409,80.27011807960865,Movie Theater
590,Mount Road,13.070086,80.271856,Hotel Priyadarshini Park,13.0680003,80.2721265,Hotel
591,Mount Road,13.070086,80.271856,Devi theaters,13.066220950301508,80.2704179922665,Multiplex
592,Mount Road,13.070086,80.271856,Shanthi Theatre,13.066645150844348,80.27097104808529,Multiplex
593,Mount Road,13.070086,80.271856,Chintadripet MRTS Station,13.073876746276353,80.27400970458984,Train
594,Chetput,13.071521,80.241516,Creamy Inn,13.069511271023233,80.24209883988033,Ice Cream Shop
595,Chetput,13.071521,80.241516,Sir Mutha Venkatasubba Rao Concert Hall,13.068251429922963,80.2385739934622,Concert Hall
596,Chetput,13.071521,80.241516,Ox And Tomato,13.069391142790566,80.23784384705176,Coffee Shop
597,Chetput,13.071521,80.241516,Cafe Coffee Day,13.068932569345131,80.24186539436694,Caf√©
598,Chetput,13.071521,80.241516,Kailash Parbat,13.069214468231632,80.23782808435679,Indian Restaurant
599,Chetput,13.071521,80.241516,French Loaf,13.069257051051277,80.2378184687911,Bakery
600,Chetput,13.071521,80.241516,Subway,13.06938128135246,80.2378956678162,Restaurant
601,Chetput,13.071521,80.241516,Shoppers Stop,13.069182777236959,80.2415440055391,Department Store
602,Chetput,13.071521,80.241516,Kuchalambal Kalyana Mandapam,13.071802033513954,80.24004089209194,Performing Arts Venue
603,Chetput,13.071521,80.241516,Chetpet Station,13.074454939325811,80.24329749982012,Train Station
604,Chetput,13.071521,80.241516,Kanakavalli,13.070882776451981,80.24533943349573,Women's Store
605,Chetput,13.071521,80.241516,PitStop,13.070317233151911,80.23746002123103,Burger Joint
606,Koyambedu,13.0720236,80.1980375,Koyambedu Flower Market,13.069277914500185,80.19840068295302,Flower Shop
607,Koyambedu,13.0720236,80.1980375,Parveen Travels,13.07091320644273,80.19899673198182,Bus Station
608,Koyambedu,13.0720236,80.1980375,Rohini Movie Park,13.075298120913349,80.19616539453648,Multiplex
609,Koyambedu,13.0720236,80.1980375,kallada travels,13.07323255726769,80.20085773887901,Bus Station
610,Koyambedu,13.0720236,80.1980375,Parveen Bus Terminus,13.073886225064381,80.20078691564169,Bus Station
611,Koyambedu,13.0720236,80.1980375,Aasife Biriyani,13.07263,80.20153,South Indian Restaurant
612,Koyambedu,13.0720236,80.1980375,Koyambedu Metro Station,13.074249738882514,80.19501734817815,Metro Station
613,Koyambedu,13.0720236,80.1980375,Rohini Silver Screens,13.075426,80.195743,Movie Theater
614,Koyambedu,13.0720236,80.1980375,koyambedu fruit market,13.068267822265625,80.19552612304688,Antique Shop
615,Aminjikarai,13.0721399,80.2205453,McDonald's,13.073759456401138,80.22138760573515,Fast Food Restaurant
616,Aminjikarai,13.0721399,80.2205453,@home,13.071498502154423,80.22230902193725,Furniture / Home Store
617,Aminjikarai,13.0721399,80.2205453,Westside,13.073686504029014,80.22137998814733,Clothing Store
618,Aminjikarai,13.0721399,80.2205453,PVR,13.073798702456086,80.22139237626502,Multiplex
619,Aminjikarai,13.0721399,80.2205453,Landmark,13.073781022403848,80.22139269693177,Bookstore
620,Aminjikarai,13.0721399,80.2205453,Ampa Skywalk,13.073555,80.221285,Shopping Mall
621,Aminjikarai,13.0721399,80.2205453,Apple Imagine,13.073996418293852,80.22109731718491,Electronics Store
622,Aminjikarai,13.0721399,80.2205453,Cafe Coffee Day,13.073832988260747,80.22150292621086,Caf√©
623,Aminjikarai,13.0721399,80.2205453,KFC,13.0739223272642,80.22146218444254,Fast Food Restaurant
624,Aminjikarai,13.0721399,80.2205453,Domino's Pizza,13.07042361961375,80.22384473042233,Pizza Place
625,Aminjikarai,13.0721399,80.2205453,Pizza Hut,13.073762674625971,80.22138735567387,Pizza Place
626,Aminjikarai,13.0721399,80.2205453,Woodland Original,13.07352430839501,80.22111621541497,Clothing Store
627,Aminjikarai,13.0721399,80.2205453,"Audi 3,pvr Cinemas",13.073723987941449,80.22149747959213,Multiplex
628,Aminjikarai,13.0721399,80.2205453,Bose,13.073745433151075,80.22154649914809,Furniture / Home Store
629,Aminjikarai,13.0721399,80.2205453,Anna arch,13.075141282103315,80.21791934967041,Scenic Lookout
630,Aminjikarai,13.0721399,80.2205453,Sachin Ka Dhabba,13.074648294001523,80.2192207624321,Food
631,Aminjikarai,13.0721399,80.2205453,UTurn,13.068759514900778,80.21817489478201,Event Space
632,Aminjikarai,13.0721399,80.2205453,Pantaloons,13.069941677462841,80.22437143026792,Accessories Store
633,Egmore,13.0728321,80.25769059999999,Flower Drum,13.07143864073082,80.25928058671603,Thai Restaurant
634,Egmore,13.0728321,80.25769059999999,Madras Hotel Ashoka Chennai,13.072522981703962,80.2606820806733,Motel
635,Egmore,13.0728321,80.25769059999999,Sandwich Shop,13.06900028261447,80.25728775040206,Sandwich Place
636,Egmore,13.0728321,80.25769059999999,Mathsya,13.07504186255991,80.25787788595088,Indian Restaurant
637,Egmore,13.0728321,80.25769059999999,Icarus Punjabi Dabha,13.06932204870826,80.25701583700646,Indian Restaurant
638,Egmore,13.0728321,80.25769059999999,Cafe Coffee Day,13.0688074762072,80.25738353866754,Coffee Shop
639,Egmore,13.0728321,80.25769059999999,Fruit shop on greams road,13.074158485398215,80.26209974777065,Farmers Market
640,Egmore,13.0728321,80.25769059999999,Government Museum Egmore,13.069924172880167,80.25693668465603,Museum
641,Egmore,13.0728321,80.25769059999999,Museum Theatre,13.070469754917092,80.2572524561723,Theater
642,Egmore,13.0728321,80.25769059999999,Caf√© Coffee Day,13.075381647684422,80.25911808013916,Caf√©
643,Egmore,13.0728321,80.25769059999999,Prince Plaza,13.071460705283014,80.25922327936266,Shopping Mall
644,Egmore,13.0728321,80.25769059999999,Fisherman's Fare,13.070930953706302,80.25415761422747,Seafood Restaurant
645,Egmore,13.0728321,80.25769059999999,Alsa Mall,13.068889417206245,80.25737200750393,Shopping Mall
646,Egmore,13.0728321,80.25769059999999,Kalyan Bhavan Biriyani,13.071128769560756,80.26110150751424,Halal Restaurant
647,Arumbakkam,13.074371000000001,80.2081312,Pizza Hut,13.07554508999717,80.21004791655949,Pizza Place
648,Arumbakkam,13.074371000000001,80.2081312,Megamart Shopping Complex,13.074689421461134,80.2118346291207,Men's Store
649,Arumbakkam,13.074371000000001,80.2081312,TASMAC Elite-10 Square Mall,13.071362253772525,80.21088135726617,Liquor Store
650,Arumbakkam,13.074371000000001,80.2081312,Saalna Hygenic Veg & Non Veg,13.076610565185547,80.21179962158203,Indian Restaurant
651,Nolambur,13.074718199999998,80.16822059999998,Ginger Bread,13.074224239799765,80.16538137786748,Bakery
652,Nolambur,13.074718199999998,80.16822059999998,The Kitchen,13.07368022584978,80.16445774519332,Chinese Restaurant
653,Chintadripet,13.0761258,80.270781,Chintadripet MRTS Station,13.073876746276353,80.27400970458984,Train
654,Shenoy Nagar,13.078666900000002,80.2272547,Coffeetales,13.081861724274805,80.22487600185411,Coffee Shop
655,Shenoy Nagar,13.078666900000002,80.2272547,SDAT Swimming Pool,13.081212019684813,80.22639294130445,Pool
656,Shenoy Nagar,13.078666900000002,80.2272547,Shenoy Nagar Park,13.08115299924183,80.22491244109533,Park
657,Shenoy Nagar,13.078666900000002,80.2272547,Sherief Biryani,13.082269,80.225327,Indian Restaurant
658,Fort St. George,13.0795204,80.2874313,Fort Museum,13.080618432998454,80.2877188704723,Museum
659,Fort St. George,13.0795204,80.2874313,Chennai Fort,13.080203064790123,80.28812160469471,Harbor / Marina
660,Fort St. George,13.0795204,80.2874313,Fort St. George,13.079123374433783,80.28668481435636,Historic Site
661,Fort St. George,13.0795204,80.2874313,Fort Public Park,13.077353140024112,80.28744130928317,Park
662,Fort St. George,13.0795204,80.2874313,Inspace School Furniture,13.079854233657244,80.28384321927206,Furniture / Home Store
663,Kilpauk,13.0832149,80.23798640000001,McDonald's,13.08348133803675,80.24019120180878,Fast Food Restaurant
664,Kilpauk,13.0832149,80.23798640000001,Bombaysthan,13.08286572633396,80.2417498159633,Frozen Yogurt Shop
665,Kilpauk,13.0832149,80.23798640000001,Fruit Shop On Greams Road,13.08356164889513,80.24192529279769,Juice Bar
666,Kilpauk,13.0832149,80.23798640000001,Nizam pan shop-bhai kadai,13.079295126292015,80.23729054747912,Daycare
667,Kilpauk,13.0832149,80.23798640000001,cafe coffee day,13.083588613740698,80.24005753093779,Coffee Shop
668,Kilpauk,13.0832149,80.23798640000001,Robusta,13.080424268232667,80.23598568488217,Caf√©
669,Kilpauk,13.0832149,80.23798640000001,Kebab Street,13.080101760050606,80.23869071707435,Indian Restaurant
670,Kilpauk,13.0832149,80.23798640000001,Ratna Cafe,13.083125,80.237555,Vegetarian / Vegan Restaurant
671,Mogappair,13.0835142,80.1840779,Subway Mogappair East,13.081395821030275,80.18737098039192,Sandwich Place
672,Mogappair,13.0835142,80.1840779,A2B Restaurant,13.080587474906524,80.1813066805698,Indian Restaurant
673,Mogappair,13.0835142,80.1840779,Variety Center,13.085061584051642,80.18749834602254,Department Store
674,Mogappair,13.0835142,80.1840779,Hotel Sangamam,13.084402290192326,80.17971166675092,Indian Restaurant
675,Thirumangalam,13.083528,80.19448100000001,VR Chennai,13.08065083556969,80.19744106968129,Shopping Mall
676,Thirumangalam,13.083528,80.19448100000001,Audi 01 - P [XL],13.080986,80.196074,Multiplex
677,Thirumangalam,13.083528,80.19448100000001,Starbucks,13.08072,80.197362,Coffee Shop
678,Thirumangalam,13.083528,80.19448100000001,PVR Icon,13.08098249942631,80.19600822456286,Multiplex
679,Thirumangalam,13.083528,80.19448100000001,Lifestyle,13.080659,80.19646,Clothing Store
680,Thirumangalam,13.083528,80.19448100000001,Spar Supermarket,13.081446,80.196009,Supermarket
681,Thirumangalam,13.083528,80.19448100000001,Hi-Style,13.087374750648975,80.19526252187525,Clothing Store
682,Park Town,13.0863424,80.2727567,French Loaf,13.083778760487695,80.2752549307981,Sandwich Place
683,Park Town,13.0863424,80.2727567,Higginbothams,13.08318961077487,80.27516784004308,Bookstore
684,Park Town,13.0863424,80.2727567,Hotel Saravana Bhavan,13.082935395914943,80.27503183122415,Vegetarian / Vegan Restaurant
685,Park Town,13.0863424,80.2727567,Jawaharlal Nehru Stadium.,13.085253424333473,80.27086217911805,Soccer Stadium
686,Park Town,13.0863424,80.2727567,Chennai Central Station,13.082762183168839,80.27490112404834,Train Station
687,Park Town,13.0863424,80.2727567,Platform 5,13.085994212909556,80.27507530601768,Platform
688,Park Town,13.0863424,80.2727567,Moore Market,13.082200206058852,80.27289256231535,Bookstore
689,Anna Nagar,13.0872004,80.2164421,Anna Nagar Tower Park,13.086571414111077,80.21362675131819,Park
690,Anna Nagar,13.0872004,80.2164421,Cream Centre,13.090306306504191,80.2163174087344,Vegetarian / Vegan Restaurant
691,Anna Nagar,13.0872004,80.2164421,Coco Jaunt,13.09031815395156,80.2174998313336,Caf√©
692,Anna Nagar,13.0872004,80.2164421,Savoury Sea Shell,13.087539008843267,80.2181757062574,Middle Eastern Restaurant
693,Anna Nagar,13.0872004,80.2164421,Junior Kuppanna,13.087695911525818,80.21807148730474,Indian Restaurant
694,Anna Nagar,13.0872004,80.2164421,Wangs Kitchen,13.087374079805704,80.21788629463273,Chinese Restaurant
695,Anna Nagar,13.0872004,80.2164421,Quality Fast Food,13.090325720372595,80.21860578478403,Fast Food Restaurant
696,Anna Nagar,13.0872004,80.2164421,Kimling Restaurant,13.08481623756076,80.21259874156041,Chinese Restaurant
697,Anna Nagar,13.0872004,80.2164421,French Loaf,13.088752111676639,80.21276376708472,Bakery
698,Anna Nagar,13.0872004,80.2164421,Connexions,13.086318280439828,80.21541774822072,Bookstore
699,Anna Nagar,13.0872004,80.2164421,McDonald's,13.084761870949848,80.21714495139875,Fast Food Restaurant
700,Anna Nagar,13.0872004,80.2164421,4 Seasons Restaurant,13.084709324476217,80.21516870878847,Asian Restaurant
701,Anna Nagar,13.0872004,80.2164421,Penguin Xerox,13.084323087379492,80.21767642687554,Paper / Office Supplies Store
702,Anna Nagar,13.0872004,80.2164421,Domino's Pizza,13.090410008081266,80.21842745344286,Pizza Place
703,Anna Nagar,13.0872004,80.2164421,Max Fashion,13.084724002418396,80.21419139944805,Clothing Store
704,Anna Nagar,13.0872004,80.2164421,Anna Nagar Towers Club,13.085828541288436,80.21499941514993,Hotel Bar
705,Anna Nagar,13.0872004,80.2164421,Nalas Appakadai,13.088268490386481,80.21799072379885,Indian Restaurant
706,Anna Nagar,13.0872004,80.2164421,The Brick House Bistro,13.090531,80.215706,Bistro
707,Anna Nagar,13.0872004,80.2164421,Croma,13.08463067362206,80.21689053072437,Electronics Store
708,Anna Nagar,13.0872004,80.2164421,Nalas Aappa Kadai,13.088220243824633,80.21801505803249,Indian Restaurant
709,Anna Nagar,13.0872004,80.2164421,Reliance Digital Express,13.08475622625922,80.21334255311366,Electronics Store
710,Anna Nagar,13.0872004,80.2164421,Yes yesi super market,13.090144272804922,80.21796842732083,Department Store
711,Anna Nagar,13.0872004,80.2164421,Latte,13.084121722637,80.21901196944111,Caf√©
712,Sowcarpet,13.088496699999999,80.27830920000001,Seena bhai tiffen centre,13.089670382157031,80.2784554538734,Restaurant
713,Sowcarpet,13.088496699999999,80.27830920000001,Kakada Ramprasad,13.090415399815164,80.27911076464765,Indian Restaurant
714,Sowcarpet,13.088496699999999,80.27830920000001,Krishna Prasad,13.090695130137554,80.2768225490625,Restaurant
715,Sowcarpet,13.088496699999999,80.27830920000001,Hotel ShivaSagar,13.085350422131853,80.27541278256314,Indian Restaurant
716,Parry's Corner,13.088835099999999,80.29037029999999,Burma Bazaar,13.08890366314553,80.28991755827279,Video Store
717,Parry's Corner,13.088835099999999,80.29037029999999,Murugan Idli Shop,13.088824190710326,80.28784232861653,Asian Restaurant
718,Parry's Corner,13.088835099999999,80.29037029999999,Agalrwal Bhavan,13.088685225518716,80.28827943244771,Indian Restaurant
719,Parry's Corner,13.088835099999999,80.29037029999999,Hot Chips,13.088566061158641,80.28689162659148,Indian Restaurant
720,Parry's Corner,13.088835099999999,80.29037029999999,Burma Food,13.092284245420961,80.29086994241166,Fast Food Restaurant
721,Pulianthope,13.089714,80.254126,Hotel Welcome,13.085734049593137,80.25462121775344,Hotel
722,Pulianthope,13.089714,80.254126,Adyar Ananda Bhavan,13.085623224270355,80.25380068300758,Indian Restaurant
723,Pulianthope,13.089714,80.254126,Sri jaya super market,13.089426040649414,80.25439453125,Department Store
724,Pulianthope,13.089714,80.254126,Saravana Stores,13.08652312482245,80.25697504249102,Department Store
725,Pulianthope,13.089714,80.254126,Garden Madhar Shah,13.085941326902926,80.2519712951575,Clothing Store
726,Choolai,13.0906283,80.2621417,The Vadai kadai,13.090770721435547,80.26609802246094,Southern / Soul Food Restaurant
727,Choolai,13.0906283,80.2621417,Mansukh Bhel,13.094780800655668,80.2614227075744,Fast Food Restaurant
728,George Town,13.092315600000001,80.28255909999999,Kakada Ramprasad,13.090415399815164,80.27911076464765,Indian Restaurant
729,George Town,13.092315600000001,80.28255909999999,Gujarati Mandal,13.089637429477216,80.28577048051714,Indian Restaurant
730,George Town,13.092315600000001,80.28255909999999,Parrys,13.088421590690437,80.28328322474236,Market
731,George Town,13.092315600000001,80.28255909999999,Reliance Fresh,13.094054748562284,80.27958213981825,Department Store
732,Mannady,13.092821,80.289273,Burma Bazaar,13.08890366314553,80.28991755827279,Video Store
733,Mannady,13.092821,80.289273,Chennai Woodlands Hotel,13.094095907370527,80.29157742082353,Vegetarian / Vegan Restaurant
734,Mannady,13.092821,80.289273,Atho Noodles,13.090608999989941,80.29066313991095,Food Truck
735,Mannady,13.092821,80.289273,Murugan Idli Shop,13.088824190710326,80.28784232861653,Asian Restaurant
736,Mannady,13.092821,80.289273,Al-Reef,13.096352025452825,80.2887039332176,BBQ Joint
737,Mannady,13.092821,80.289273,Vikas Chat Center,13.091299892676037,80.28575959553093,Sandwich Place
738,Mannady,13.092821,80.289273,Dindigul Thalappakatti Biriyani Restaurant,13.08852757749359,80.28999919161954,Indian Restaurant
739,Ayanavaram,13.094615699999999,80.23541,Noor Hotel,13.094933830920736,80.23303808197501,Restaurant
740,Ayanavaram,13.094615699999999,80.23541,Noor hotel bus stand,13.098520468493065,80.23430151667438,Diner
741,Vallalar Nagar,13.1019255,80.27877729999999,Vallalar Nagar Bus Terminus,13.104994523365168,80.27780229573065,Bus Station
742,Vallalar Nagar,13.1019255,80.27877729999999,Tile House,13.105825,80.279196,Construction & Landscaping
743,ICF,13.10294,80.21581,ICF MTC Bus Terminus,13.100675983650902,80.21461386608357,Bus Station
744,ICF,13.10294,80.21581,HDFC Bank ATM,13.100346,80.215807,ATM
745,ICF,13.10294,80.21581,Thalapakatu briyani,13.10078430175781,80.21424865722656,BBQ Joint
746,ICF,13.10294,80.21581,ICF,13.100518946818205,80.21425861519609,Rest Area
747,Padi,13.1035851,80.1920425,Anjappar,13.101199,80.192605,Chettinad Restaurant
748,Padi,13.1035851,80.1920425,Park Club,13.100698238943956,80.1933120094104,Bar
749,Padi,13.1035851,80.1920425,Saravana Stores - The Legend,13.100851699132704,80.19038070849012,Miscellaneous Shop
750,Basin Bridge,13.108047099999999,80.2699078,Basin Railway Bridge,13.10650388218061,80.2711724553056,Light Rail Station
751,Basin Bridge,13.108047099999999,80.2699078,Pizza Hut,13.1062,80.266182,Pizza Place
752,Peravallur,13.1113801,80.2263786318008,Caf√© Coffee Day,13.113351110259948,80.22730882343777,Coffee Shop
753,Peravallur,13.1113801,80.2263786318008,Loco Bridge,13.108501760881092,80.22623045974049,Light Rail Station
754,Peravallur,13.1113801,80.2263786318008,Perambur Loco Works Station,13.108250945958352,80.22621956710813,Train Station
755,Peravallur,13.1113801,80.2263786318008,Perambur Railway Station,13.108116872129246,80.22685678375471,Train
756,Peravallur,13.1113801,80.2263786318008,ibaco,13.114593916362058,80.22752122679631,Ice Cream Shop
757,Korattur,13.1115392,80.1842767,Sharjah Juice Shop,13.110558331109209,80.18328087659783,Dessert Shop
758,Korattur,13.1115392,80.1842767,Dr. R Nagarajan,13.108936,80.184132,Pharmacy
759,Korattur,13.1115392,80.1842767,Soda Hub Korattur,13.108457565307617,80.18356323242188,Juice Bar
760,Korattur,13.1115392,80.1842767,KMSV Korattur Malayalee Souhruda Vedi,13.108445,80.1834,Campground
761,Korattur,13.1115392,80.1842767,Cake Box,13.11294820453318,80.18001137713055,Cupcake Shop
762,Perambur,13.1121242,80.24502199999999,Starbucks,13.108071866668386,80.24464245898929,Coffee Shop
763,Perambur,13.1121242,80.24502199999999,Perambur Park,13.109011970574514,80.24260595381502,Theme Park
764,Perambur,13.1121242,80.24502199999999,Singapore Shopping,13.111385306005111,80.2416475815353,Shopping Mall
765,Perambur,13.1121242,80.24502199999999,Wangs Kitchen,13.115748735898176,80.2459220562305,Chinese Restaurant
766,Perambur,13.1121242,80.24502199999999,Park,13.110531073416869,80.24859009055488,Park
767,Perambur,13.1121242,80.24502199999999,Perambur Bus Stand,13.108191585490626,80.24545922541266,Bus Station
768,Perambur,13.1121242,80.24502199999999,Naturals,13.108045867867032,80.24529587275674,Dessert Shop
769,Villivakkam,13.1125875,80.2081378,Selvam Bakery,13.114461174786676,80.20680668073248,Snack Place
770,Villivakkam,13.1125875,80.2081378,Thayagam1,13.110451608889727,80.20898222923279,Train Station
771,Villivakkam,13.1125875,80.2081378,Street Kitchen,13.114556807864416,80.20653974993307,Fast Food Restaurant
772,Villivakkam,13.1125875,80.2081378,Villivakkam Railway Station,13.110398308024761,80.2095522061275,Train Station
773,Villivakkam,13.1125875,80.2081378,Villivakkam Market,13.109659546825029,80.20827206144769,Market
774,Ambattur,13.112886300000001,80.15986241084877,Ambattur Tank Lake,13.114161673336444,80.16045715967468,River
775,Ambattur,13.112886300000001,80.15986241084877,Sri Murugan Theatre,13.113486671934629,80.15731215394214,Multiplex
776,Ambattur,13.112886300000001,80.15986241084877,murugan cinemas,13.113578380595317,80.15710502645912,Movie Theater
777,Washermanpet,13.1136296,80.2814813,Axis Bank ATM,13.109829902649,80.28099822998,ATM
778,Pattaravakkam,13.114390400000001,80.1663975,Domino's Pizza,13.113616,80.166638,Pizza Place
779,Royapuram,13.1146195,80.2940279,Ibaco,13.115612341395995,80.29483718712652,Dessert Shop
780,Royapuram,13.1146195,80.2940279,IDREAM Theater,13.11609365939925,80.29319133373744,Movie Theater
781,Royapuram,13.1146195,80.2940279,Anna Park Auditorum,13.115233782010302,80.29118558735802,Park
782,Royapuram,13.1146195,80.2940279,Yummy Hommy,13.110992889321977,80.29181687371351,Burger Joint
783,Thirumullaivoyal,13.1152512,80.13822370000001,tirumullaivoyal railway station,13.115303783848615,80.13730023604165,Platform
784,Thirumullaivoyal,13.1152512,80.13822370000001,Thirumullaivoyal RS,13.115098110282549,80.13634613255566,Train Station
785,Thirumullaivoyal,13.1152512,80.13822370000001,Perambur Sri Srinivasa,13.118135556915465,80.14074582426397,Indian Restaurant
786,Annanur,13.1163563,80.12691269999999,annanur railway station,13.116814333203374,80.12624288878699,Platform
787,Annanur,13.1163563,80.12691269999999,Annanur,13.116879321984896,80.12487425218669,Train Station
788,Vyasarpadi,13.116972599999999,80.2571242,jain chat shop,13.118373,80.259803,Sandwich Place
789,Vyasarpadi,13.116972599999999,80.2571242,M.k.B nagar Bus Depo,13.118099624234503,80.26119950088197,Bus Station
790,Pattabiram,13.118657199999998,80.06498540000001,Pattabiram railway station,13.11935704033239,80.06488368529611,Platform
791,Pattabiram,13.118657199999998,80.06498540000001,Delight,13.118665222036253,80.06732274102721,Concert Hall
792,Pattabiram,13.118657199999998,80.06498540000001,Axis Bank ATM,13.1207085,80.0661285,ATM
793,Pattabiram,13.118657199999998,80.06498540000001,Modern Fast Food,13.121284741740276,80.06314301952702,Fast Food Restaurant
794,Korukkupet,13.121534400000002,80.2837912,veeras collection,13.118800008469128,80.28291312353814,Boutique
795,Korukkupet,13.121534400000002,80.2837912,Naturals Unisex Salon & Spa,13.120064670968311,80.28632640838623,Spa
796,Korukkupet,13.121534400000002,80.2837912,Seniammam Kovil,13.123040320493075,80.28679366296423,Historic Site
797,Korukkupet,13.121534400000002,80.2837912,Adayar Ananda Bhavan,13.118110240209175,80.28448059989384,Vegetarian / Vegan Restaurant
798,Korukkupet,13.121534400000002,80.2837912,kidzone.,13.120806808314818,80.2874086549657,Toy / Game Store
799,Korukkupet,13.121534400000002,80.2837912,Idli Vilas,13.117964457967243,80.28502821922302,Vegetarian / Vegan Restaurant
800,Korukkupet,13.121534400000002,80.2837912,Maharani Theater,13.117418,80.284211,Indie Movie Theater
801,Korukkupet,13.121534400000002,80.2837912,Murugan Supermarket,13.123502486176063,80.28789846840313,Department Store
802,Kolathur,13.124112699999998,80.2046276,RS Bhavan,13.123988334830571,80.2034672617507,Indian Restaurant
803,Kolathur,13.124112699999998,80.2046276,Microtek inverter,13.124160557139083,80.2051305770874,Electronics Store
804,Kolathur,13.124112699999998,80.2046276,Reliance Super,13.12380031590667,80.20669772948679,Department Store
805,Kolathur,13.124112699999998,80.2046276,HDFC Bank ATM,13.124853,80.201468,ATM
806,Kolathur,13.124112699999998,80.2046276,Food Magic,13.125248,80.20118,Restaurant
807,Kolathur,13.124112699999998,80.2046276,Nachiyar rusi-o-rusi,13.12280654907227,80.20124816894531,Indian Restaurant
808,Avadi,13.1254758,80.09409000000001,Mirudu interiors,13.125456180389593,80.09417295455931,Art Gallery
809,Tondiarpet,13.1277669,80.2895845,Spencer's Daily,13.128342529660326,80.29063048683825,Department Store
810,Tondiarpet,13.1277669,80.2895845,Hotel Anand,13.12888,80.29093,Vegetarian / Vegan Restaurant
811,Moolakadai,13.129168400000001,80.24169909999999,Starbucks,13.130024662931337,80.24212132373013,Coffee Shop
812,Moolakadai,13.129168400000001,80.24169909999999,Teflon Fitness,13.127268718212644,80.241734706735,Gym
813,Moolakadai,13.129168400000001,80.24169909999999,Revathy Daily Needs,13.127187887338465,80.2436187673077,Department Store
814,Moolakadai,13.129168400000001,80.24169909999999,Jockey,13.128265,80.238091,Clothing Store
815,Moolakadai,13.129168400000001,80.24169909999999,Glass Store,13.128104872791512,80.24569362401962,Asian Restaurant
816,Kodungaiyur,13.1327533,80.2444773,Starbucks,13.130024662931337,80.24212132373013,Coffee Shop
817,Kodungaiyur,13.1327533,80.2444773,Refresh Corner,13.135872806555572,80.24239358816327,Fast Food Restaurant
818,Madhavaram,13.142931299999999,80.2325166,Jagan Shop,13.14695172381511,80.23347375123467,Smoke Shop
819,Surapet,13.145407,80.183808,MedPlus,13.14218,80.184596,Pharmacy
820,Madhavaram Milk Colony,13.1554081,80.2425246,Aavin Park,13.15158,80.242601,Park
821,Madhavaram Milk Colony,13.1554081,80.2425246,Aavin Junction,13.151116471163714,80.24219870567322,Ice Cream Shop
822,Manali,13.163579,80.25860899999999,Axis Bank ATM,13.16201,80.2565,ATM
823,Manali,13.163579,80.25860899999999,Royal Enfield Showroom,13.1639971,80.2543256,Motorcycle Shop
824,Mathur,13.167864100000001,80.2436918,Axis Bank ATM,13.167062,80.2481075,ATM
825,Thiruvotriyur,13.169191399999999,80.3045793,HDFC Bank ATM,13.1686,80.30432,ATM
826,Eranavur,13.189569,80.3039,Wang's Kitchen,13.187470868073351,80.30578559795082,Chinese Restaurant
827,Eranavur,13.189569,80.3039,Ennore,13.187731533145632,80.30759749915772,Train Station
828,Eranavur,13.189569,80.3039,Wang's Kitchen,13.187470868073351,80.30578559795082,Chinese Restaurant
829,Eranavur,13.189569,80.3039,Ennore,13.187731533145632,80.30759749915772,Train Station
830,Red Hills,13.1922788,80.18376620000001,Hotel Balaji Bavan,13.193715906488812,80.18529155661071,Indian Restaurant
831,Red Hills,13.1922788,80.18376620000001,Naturals,13.191494,80.185965,Spa
832,Red Hills,13.1922788,80.18376620000001,Skls Galaxy Mall,13.1915,80.186038,Shopping Mall
833,Red Hills,13.1922788,80.18376620000001,Pvr Cinemas Skls Galaxy Mall,13.191586,80.1861,Movie Theater
834,Kattivakkam,13.216133,80.318177,Axis Bank ATM,13.2181358,80.3200859,ATM
835,Kattivakkam,13.216133,80.318177,Ennore Rail Station,13.217603402125905,80.32147407531738,Train Station
836,Kattivakkam,13.216133,80.318177,Ennore MRTS Station,13.218054609086712,80.3217315673828,Train Station
837,Ennore,13.217468099999998,80.3216013,Ennore Rail Station,13.217603402125905,80.32147407531738,Train Station
838,Ennore,13.217468099999998,80.3216013,Ennore MRTS Station,13.218054609086712,80.3217315673828,Train Station
839,Ennore,13.217468099999998,80.3216013,Axis Bank ATM,13.2181358,80.3200859,ATM
840,Ennore,13.217468099999998,80.3216013,Athipattu Pudhunagar,13.219301249161335,80.32160169247761,Train Station
841,Ennore,13.217468099999998,80.3216013,darron wood carving works,13.219099066442173,80.32025098800659,Art Gallery
842,Minjur,13.278614600000001,80.2577671,Tamilnadu bakery,13.27858657524439,80.26000320911407,Bakery
843,Minjur,13.278614600000001,80.2577671,Saravana Medicals,13.278257,80.26007,Pharmacy
844,Minjur,13.278614600000001,80.2577671,Minjur,13.277504148103645,80.26011067932014,Scenic Lookout
845,Minjur,13.278614600000001,80.2577671,Minjur Railway Station,13.281331946095959,80.26026311518088,Train Station
